"cluster","ID","Description","GeneRatio","pvalue","p.adjust","Count","geneID"
"0","GO:1903131","mononuclear cell differentiation","16/44",9.56037048373287e-09,1.04972867911387e-05,16,"CCR7/LEF1/TCF7/FLT3LG/IL7R/MYC/CD27/CD3E/NDFIP1/RHOH/CD3D/SOCS3/NPM1/PRDX2/CD3G/LCK"
"0","GO:0030098","lymphocyte differentiation","14/44",2.31833262872069e-08,1.27276461316766e-05,14,"CCR7/LEF1/TCF7/FLT3LG/IL7R/CD27/CD3E/NDFIP1/RHOH/CD3D/SOCS3/PRDX2/CD3G/LCK"
"0","GO:0002521","leukocyte differentiation","16/44",3.7809814108455e-08,1.38383919636945e-05,16,"CCR7/LEF1/TCF7/FLT3LG/IL7R/MYC/CD27/CD3E/NDFIP1/RHOH/CD3D/SOCS3/NPM1/PRDX2/CD3G/LCK"
"0","GO:0030217","T cell differentiation","12/44",5.60339061110608e-08,1.53813072274862e-05,12,"CCR7/LEF1/TCF7/IL7R/CD27/CD3E/RHOH/CD3D/SOCS3/PRDX2/CD3G/LCK"
"0","GO:0042110","T cell activation","16/44",2.86857799628858e-07,6.29939727984972e-05,16,"CCR7/LEF1/TCF7/IL7R/MYC/CD27/CD3E/NDFIP1/RHOH/CD3D/SOCS3/CD7/PRDX2/CD3G/LAT/LCK"
"0","GO:0046649","lymphocyte activation","17/44",3.63787528535949e-06,0.000630136121027871,17,"CCR7/LEF1/TCF7/FLT3LG/IL7R/MYC/CD27/CD3E/NDFIP1/RHOH/CD3D/SOCS3/CD7/PRDX2/CD3G/LAT/LCK"
"0","GO:0046629","gamma-delta T cell activation","5/44",4.01726124516857e-06,0.000630136121027871,5,"LEF1/TCF7/CD3E/CD3G/LCK"
"0","GO:0030097","hemopoiesis","16/44",6.51608255283002e-06,0.000894332330375921,16,"CCR7/LEF1/TCF7/FLT3LG/IL7R/MYC/CD27/CD3E/NDFIP1/RHOH/CD3D/SOCS3/NPM1/PRDX2/CD3G/LCK"
"0","GO:0050863","regulation of T cell activation","11/44",3.0986819527033e-05,0.00371040358158395,11,"CCR7/LEF1/TCF7/IL7R/CD27/CD3E/NDFIP1/RHOH/PRDX2/LAT/LCK"
"0","GO:0045619","regulation of lymphocyte differentiation","8/44",3.37923823459376e-05,0.00371040358158395,8,"LEF1/TCF7/IL7R/CD27/NDFIP1/RHOH/PRDX2/LCK"
"0","GO:0045321","leukocyte activation","17/44",3.91866808229731e-05,0.00384872755212102,17,"CCR7/LEF1/TCF7/FLT3LG/IL7R/MYC/CD27/CD3E/NDFIP1/RHOH/CD3D/SOCS3/CD7/PRDX2/CD3G/LAT/LCK"
"0","GO:0001775","cell activation","18/44",4.2062596198044e-05,0.00384872755212102,18,"CCR7/LEF1/TCF7/FLT3LG/IL7R/RGCC/MYC/CD27/CD3E/NDFIP1/RHOH/CD3D/SOCS3/CD7/PRDX2/CD3G/LAT/LCK"
"0","GO:1902105","regulation of leukocyte differentiation","9/44",5.30603003142917e-05,0.00448155459577633,9,"LEF1/TCF7/IL7R/MYC/CD27/NDFIP1/RHOH/PRDX2/LCK"
"0","GO:0007166","cell surface receptor signaling pathway","21/44",6.88978676175733e-05,0.00492304489728455,21,"CCR7/LEF1/MAL/AAK1/TCF7/TRAT1/IL7R/RGCC/MYC/CD27/CD3E/LEPROTL1/CD3D/SOCS3/OCIAD2/CD7/PRDX2/CD3G/RPS12/LAT/LCK"
"0","GO:0045580","regulation of T cell differentiation","7/44",7.59863891954366e-05,0.00492304489728455,7,"LEF1/TCF7/IL7R/CD27/RHOH/PRDX2/LCK"
"0","GO:0050852","T cell receptor signaling pathway","7/44",7.59863891954366e-05,0.00492304489728455,7,"CCR7/TRAT1/CD3E/CD3D/CD3G/LAT/LCK"
"0","GO:0051249","regulation of lymphocyte activation","12/44",7.62220066064092e-05,0.00492304489728455,12,"CCR7/LEF1/TCF7/FLT3LG/IL7R/CD27/CD3E/NDFIP1/RHOH/PRDX2/LAT/LCK"
"0","GO:0033077","T cell differentiation in thymus","5/44",8.45078238969196e-05,0.0051549772577121,5,"CCR7/IL7R/CD3E/CD3D/CD3G"
"0","GO:0042274","ribosomal small subunit biogenesis","6/44",0.000133205965650885,0.00769790264656166,6,"RPS3A/NPM1/RPS27A/RPS12/RPS13/RPS25"
"0","GO:0045058","T cell selection","5/44",0.000151937720436947,0.00834138085198839,5,"CCR7/CD3E/CD3D/SOCS3/CD3G"
"0","GO:0002694","regulation of leukocyte activation","12/44",0.000186678865669004,0.00971326336178178,12,"CCR7/LEF1/TCF7/FLT3LG/IL7R/CD27/CD3E/NDFIP1/RHOH/PRDX2/LAT/LCK"
"0","GO:1903706","regulation of hemopoiesis","9/44",0.00019461912018142,0.00971326336178178,9,"LEF1/TCF7/IL7R/MYC/CD27/NDFIP1/RHOH/PRDX2/LCK"
"0","GO:0002682","regulation of immune system process","19/44",0.000218313518408096,0.0104220975309604,19,"CCR7/LEF1/TCF7/FLT3LG/TRAT1/IL7R/RGCC/MYC/CD27/CD3E/NDFIP1/RHOH/CD3D/CD7/AQP3/PRDX2/CD3G/LAT/LCK"
"0","GO:0022407","regulation of cell-cell adhesion","10/44",0.000304043151122678,0.0139099741638625,10,"CCR7/LEF1/IL7R/RGCC/CD27/CD3E/NDFIP1/RHOH/PRDX2/LCK"
"0","GO:0045595","regulation of cell differentiation","13/44",0.000339127924975985,0.0148944984649453,13,"LEF1/TCF7/IL7R/RGCC/MYC/CD27/NDFIP1/RHOH/SOCS3/AQP3/PRDX2/SPOCK2/LCK"
"0","GO:0050865","regulation of cell activation","12/44",0.000360752370304661,0.0152348500997892,12,"CCR7/LEF1/TCF7/FLT3LG/IL7R/CD27/CD3E/NDFIP1/RHOH/PRDX2/LAT/LCK"
"0","GO:2000106","regulation of leukocyte apoptotic process","5/44",0.000402508500661011,0.015710006305118,5,"CCR7/IL7R/MYC/CD27/CD3G"
"0","GO:0046631","alpha-beta T cell activation","7/44",0.000405032470282034,0.015710006305118,7,"LEF1/MYC/CD3E/NDFIP1/CD3D/SOCS3/CD3G"
"0","GO:0048468","cell development","18/44",0.000414927306783625,0.015710006305118,18,"CCR7/LEF1/MAL/TCF7/FLT3LG/C12orf57/IL7R/MYC/CD27/CD3E/NDFIP1/RHOH/CD3D/SOCS3/NPM1/PRDX2/CD3G/LCK"
"0","GO:0030154","cell differentiation","22/44",0.000463873138224833,0.0162883303981407,22,"CCR7/LEF1/MAL/TCF7/FLT3LG/C12orf57/IL7R/RGCC/MYC/CD27/CD3E/NDFIP1/RHOH/CD3D/SOCS3/RPS3A/NPM1/AQP3/PRDX2/SPOCK2/CD3G/LCK"
"0","GO:0048869","cellular developmental process","22/44",0.000463873138224833,0.0162883303981407,22,"CCR7/LEF1/MAL/TCF7/FLT3LG/C12orf57/IL7R/RGCC/MYC/CD27/CD3E/NDFIP1/RHOH/CD3D/SOCS3/RPS3A/NPM1/AQP3/PRDX2/SPOCK2/CD3G/LCK"
"0","GO:1903037","regulation of leukocyte cell-cell adhesion","9/44",0.000474705439654374,0.0162883303981407,9,"CCR7/LEF1/IL7R/CD27/CD3E/NDFIP1/RHOH/PRDX2/LCK"
"0","GO:0043368","positive T cell selection","4/44",0.000533222596882442,0.0177417700417249,4,"CD3E/CD3D/SOCS3/CD3G"
"0","GO:0002250","adaptive immune response","11/44",0.000563298740311349,0.0181912357900548,11,"LEF1/TRAT1/IL7R/CD27/CD3E/NDFIP1/CD3D/SOCS3/CD7/CD3G/LAT"
"0","GO:0045582","positive regulation of T cell differentiation","5/44",0.000608095464146312,0.0190768234180757,5,"LEF1/IL7R/CD27/RHOH/LCK"
"0","GO:0009967","positive regulation of signal transduction","15/44",0.000744585137048059,0.0227098466799658,15,"CCR7/LEF1/MAL/AAK1/TRAT1/IL7R/MYC/CD27/CD3E/NDFIP1/OCIAD2/PRDX2/RPS12/LAT/LCK"
"0","GO:0030155","regulation of cell adhesion","11/44",0.000797843889463884,0.0236765565035499,11,"CCR7/LEF1/IL7R/RGCC/CD27/CD3E/NDFIP1/RHOH/PRDX2/SPOCK2/LCK"
"0","GO:0048583","regulation of response to stimulus","25/44",0.000854907231016328,0.0247023194646297,25,"CCR7/LEF1/MAL/PIK3IP1/AAK1/TRAT1/IL7R/RGCC/MYC/CD27/CD3E/LEPROTL1/NDFIP1/RHOH/CD3D/SOCS3/DNAJB1/OCIAD2/NPM1/CD7/PRDX2/CD3G/RPS12/LAT/LCK"
"0","GO:0071887","leukocyte apoptotic process","5/44",0.000884100633684334,0.0248625959382796,5,"CCR7/IL7R/MYC/CD27/CD3G"
"0","GO:0002684","positive regulation of immune system process","15/44",0.00091042623876341,0.0248625959382796,15,"CCR7/LEF1/FLT3LG/TRAT1/IL7R/RGCC/CD27/CD3E/RHOH/CD3D/CD7/AQP3/CD3G/LAT/LCK"
"0","GO:0070228","regulation of lymphocyte apoptotic process","4/44",0.000928384729935759,0.0248625959382796,4,"IL7R/MYC/CD27/CD3G"
"0","GO:0050851","antigen receptor-mediated signaling pathway","7/44",0.00104327295862672,0.0268834779164579,7,"CCR7/TRAT1/CD3E/CD3D/CD3G/LAT/LCK"
"0","GO:0045621","positive regulation of lymphocyte differentiation","5/44",0.00105281379818551,0.0268834779164579,5,"LEF1/IL7R/CD27/RHOH/LCK"
"0","GO:0009966","regulation of signal transduction","20/44",0.00109387244657994,0.027297089689654,20,"CCR7/LEF1/MAL/PIK3IP1/AAK1/TRAT1/IL7R/MYC/CD27/CD3E/LEPROTL1/NDFIP1/RHOH/SOCS3/OCIAD2/NPM1/PRDX2/RPS12/LAT/LCK"
"0","GO:0007159","leukocyte cell-cell adhesion","9/44",0.00130166880354416,0.0317607188064775,9,"CCR7/LEF1/IL7R/CD27/CD3E/NDFIP1/RHOH/PRDX2/LCK"
"0","GO:0010647","positive regulation of cell communication","15/44",0.00184590798735857,0.0423857994065417,15,"CCR7/LEF1/MAL/AAK1/TRAT1/IL7R/MYC/CD27/CD3E/NDFIP1/OCIAD2/PRDX2/RPS12/LAT/LCK"
"0","GO:0070227","lymphocyte apoptotic process","4/44",0.00185286831825235,0.0423857994065417,4,"IL7R/MYC/CD27/CD3G"
"0","GO:0048584","positive regulation of response to stimulus","19/44",0.00190530029224192,0.0423857994065417,19,"CCR7/LEF1/MAL/AAK1/TRAT1/IL7R/RGCC/MYC/CD27/CD3E/NDFIP1/CD3D/OCIAD2/CD7/PRDX2/CD3G/RPS12/LAT/LCK"
"0","GO:0051251","positive regulation of lymphocyte activation","8/44",0.0019174047427236,0.0423857994065417,8,"CCR7/LEF1/FLT3LG/IL7R/CD27/CD3E/RHOH/LCK"
"0","GO:0023056","positive regulation of signaling","15/44",0.00193013658499735,0.0423857994065417,15,"CCR7/LEF1/MAL/AAK1/TRAT1/IL7R/MYC/CD27/CD3E/NDFIP1/OCIAD2/PRDX2/RPS12/LAT/LCK"
"0","GO:0050870","positive regulation of T cell activation","7/44",0.00229863607609189,0.0494882825793901,7,"CCR7/LEF1/IL7R/CD27/CD3E/RHOH/LCK"
"1","GO:0002376","immune system process","30/47",1.00001519309654e-06,0.00104601589197898,30,"S100A8/S100A9/S100A12/CD14/LGALS2/ASGR1/LYZ/BST1/CSF3R/TMEM176B/FCN1/FPR1/IGSF6/CD33/IL1B/APOBEC3A/GRN/RAB32/NCF2/TNFSF13B/TYROBP/FCGR2A/MAFB/CST3/MNDA/LGALS3/CFD/FCGRT/CD68/CFP"
"1","GO:0006955","immune response","25/47",5.94247329881863e-06,0.00171456544487235,25,"S100A8/S100A9/S100A12/CD14/ASGR1/LYZ/BST1/FCN1/FPR1/IGSF6/CD33/IL1B/APOBEC3A/GRN/NCF2/TNFSF13B/TYROBP/FCGR2A/CST3/MNDA/LGALS3/CFD/FCGRT/CD68/CFP"
"1","GO:0006959","humoral immune response","9/47",7.75930793059497e-06,0.00171456544487235,9,"S100A9/S100A12/LYZ/BST1/FCN1/IL1B/LGALS3/CFD/CFP"
"1","GO:0006952","defense response","23/47",8.11667840474073e-06,0.00171456544487235,23,"S100A8/S100A9/S100A12/CD14/LGALS2/LYZ/BST1/CSF3R/FCN1/FPR1/IL1B/APOBEC3A/GRN/NCF2/TYROBP/FCGR2A/CST3/MNDA/LGALS3/CFD/CD68/GSTP1/CFP"
"1","GO:0030593","neutrophil chemotaxis","7/47",8.19581952615846e-06,0.00171456544487235,7,"S100A8/S100A9/S100A12/BST1/CSF3R/IL1B/LGALS3"
"1","GO:0071621","granulocyte chemotaxis","7/47",2.30465756565039e-05,0.00344381687667187,7,"S100A8/S100A9/S100A12/BST1/CSF3R/IL1B/LGALS3"
"1","GO:1990266","neutrophil migration","7/47",2.30465756565039e-05,0.00344381687667187,7,"S100A8/S100A9/S100A12/BST1/CSF3R/IL1B/LGALS3"
"1","GO:0009605","response to external stimulus","24/47",2.8422846688532e-05,0.00371628720452556,24,"S100A8/S100A9/S100A12/CD14/LGALS2/LYZ/BST1/CSF3R/FCN1/FPR1/CDA/IL1B/APOBEC3A/GRN/RAB32/NCF2/TYROBP/TYMP/MNDA/LGALS3/CFD/CD68/GSTP1/CFP"
"1","GO:0097530","granulocyte migration","7/47",6.75243425498086e-05,0.00784782914523331,7,"S100A8/S100A9/S100A12/BST1/CSF3R/IL1B/LGALS3"
"1","GO:0006935","chemotaxis","10/47",9.20859203526566e-05,0.00875653388080716,10,"S100A8/S100A9/S100A12/BST1/CSF3R/FPR1/IL1B/TYMP/LGALS3/GSTP1"
"1","GO:0042330","taxis","10/47",9.20859203526566e-05,0.00875653388080716,10,"S100A8/S100A9/S100A12/BST1/CSF3R/FPR1/IL1B/TYMP/LGALS3/GSTP1"
"1","GO:0006954","inflammatory response","14/47",0.000116500371972079,0.0101549490902328,14,"S100A8/S100A9/S100A12/CD14/LGALS2/LYZ/BST1/FPR1/IL1B/GRN/TYROBP/FCGR2A/CD68/GSTP1"
"1","GO:0031349","positive regulation of defense response","11/47",0.000178587251377877,0.0141471255174059,11,"S100A8/S100A9/S100A12/CD14/LGALS2/FCN1/IL1B/GRN/TYROBP/MNDA/CFP"
"1","GO:0002682","regulation of immune system process","20/47",0.000189349672317096,0.0141471255174059,20,"S100A8/S100A9/CD14/BST1/CSF3R/TMEM176B/FCN1/FPR1/CD33/IL1B/GRN/TNFSF13B/TYROBP/FCGR2A/MAFB/MNDA/LGALS3/CFD/CD68/CFP"
"1","GO:0048708","astrocyte differentiation","4/47",0.000243676753754475,0.0169923922951454,4,"S100A8/S100A9/IL1B/GRN"
"1","GO:0031347","regulation of defense response","13/47",0.000289595353975219,0.0189322962661299,13,"S100A8/S100A9/S100A12/CD14/LGALS2/BST1/FCN1/IL1B/GRN/TYROBP/MNDA/GSTP1/CFP"
"1","GO:0021782","glial cell development","5/47",0.00034963134318286,0.0215126108805454,5,"S100A8/S100A9/IL1B/GRN/GSTP1"
"1","GO:0060326","cell chemotaxis","8/47",0.000552304714760109,0.0320950406466152,8,"S100A8/S100A9/S100A12/BST1/CSF3R/IL1B/LGALS3/GSTP1"
"1","GO:0032103","positive regulation of response to external stimulus","11/47",0.000669032199857295,0.0368319832131964,11,"S100A8/S100A9/S100A12/CD14/LGALS2/FCN1/IL1B/GRN/TYROBP/MNDA/CFP"
"1","GO:0008037","cell recognition","5/47",0.000830071827246405,0.043412756564987,5,"FOLR3/FCN1/VCAN/LGALS3/CFP"
"1","GO:0097529","myeloid leukocyte migration","7/47",0.000893074678837312,0.0436558026220382,7,"S100A8/S100A9/S100A12/BST1/CSF3R/IL1B/LGALS3"
"1","GO:0071466","cellular response to xenobiotic stimulus","4/47",0.000918190877327764,0.0436558026220382,4,"S100A12/ALDH2/IL1B/GSTP1"
"1","GO:0030595","leukocyte chemotaxis","7/47",0.00100453336171797,0.0444618369226667,7,"S100A8/S100A9/S100A12/BST1/CSF3R/IL1B/LGALS3"
"1","GO:0050729","positive regulation of inflammatory response","6/47",0.00105150081344317,0.0444618369226667,6,"S100A8/S100A9/S100A12/LGALS2/IL1B/GRN"
"1","GO:0050776","regulation of immune response","15/47",0.00108206827168068,0.0444618369226667,15,"S100A8/S100A9/CD14/FCN1/FPR1/CD33/IL1B/GRN/TNFSF13B/TYROBP/FCGR2A/MNDA/LGALS3/CFD/CFP"
"1","GO:0009617","response to bacterium","11/47",0.00110516994262843,0.0444618369226667,11,"S100A8/S100A9/S100A12/CD14/LYZ/IL1B/GRN/CFD/CD68/GSTP1/CFP"
"1","GO:0030888","regulation of B cell proliferation","4/47",0.00119607798732378,0.0458628372210736,4,"BST1/TNFSF13B/TYROBP/MNDA"
"1","GO:0002253","activation of immune response","11/47",0.0012663166014187,0.0458628372210736,11,"S100A8/S100A9/CD14/FCN1/FPR1/IL1B/TYROBP/MNDA/LGALS3/CFD/CFP"
"1","GO:0043207","response to external biotic stimulus","18/47",0.00127153181588063,0.0458628372210736,18,"S100A8/S100A9/S100A12/CD14/LYZ/FCN1/CDA/IL1B/APOBEC3A/GRN/NCF2/TYROBP/MNDA/LGALS3/CFD/CD68/GSTP1/CFP"
"1","GO:0042742","defense response to bacterium","7/47",0.00140618769355085,0.0490290775818062,7,"S100A8/S100A9/S100A12/LYZ/IL1B/GRN/CFP"
"2","GO:0030098","lymphocyte differentiation","14/46",4.42577541078406e-08,4.30185369928211e-05,14,"CD40LG/CD2/ITM2A/IL7R/CD3D/CD3G/FLT3LG/LCK/CD3E/LEF1/PRDX2/CD27/SOCS3/CD69"
"2","GO:0030217","T cell differentiation","11/46",9.41981931042125e-07,0.000366396741579722,11,"CD2/IL7R/CD3D/CD3G/LCK/CD3E/LEF1/PRDX2/CD27/SOCS3/CD69"
"2","GO:1903131","mononuclear cell differentiation","14/46",1.13085414067815e-06,0.000366396741579722,14,"CD40LG/CD2/ITM2A/IL7R/CD3D/CD3G/FLT3LG/LCK/CD3E/LEF1/PRDX2/CD27/SOCS3/CD69"
"2","GO:0002521","leukocyte differentiation","14/46",3.53811159621445e-06,0.000859761117880111,14,"CD40LG/CD2/ITM2A/IL7R/CD3D/CD3G/FLT3LG/LCK/CD3E/LEF1/PRDX2/CD27/SOCS3/CD69"
"2","GO:0042110","T cell activation","14/46",1.8829206978334e-05,0.00366039783658812,14,"CD40LG/SIT1/CD2/IL7R/CD3D/CD3G/LAT/LCK/CD3E/LEF1/PRDX2/CD27/SOCS3/CD69"
"2","GO:0046649","lymphocyte activation","16/46",3.42978315004563e-05,0.00473567191078338,16,"CD40LG/SIT1/CD2/ITM2A/IL7R/CD3D/CD3G/LAT/FLT3LG/LCK/CD3E/LEF1/PRDX2/CD27/SOCS3/CD69"
"2","GO:0043368","positive T cell selection","5/46",3.64967234962437e-05,0.00473567191078338,5,"CD3D/CD3G/CD3E/SOCS3/CD69"
"2","GO:0002250","adaptive immune response","13/46",4.25521518836625e-05,0.00473567191078338,13,"CD40LG/TRAT1/SIT1/IL7R/CD3D/CD3G/LAT/CD3E/LEF1/CD27/SOCS3/CD69/TAP1"
"2","GO:0007166","cell surface receptor signaling pathway","22/46",4.40427147936914e-05,0.00473567191078338,22,"CD40LG/MAL/TRAT1/CD2/TRADD/LTB/IL7R/CD3D/CD3G/PLP2/LAT/LEPROTL1/LCK/PBXIP1/CD3E/LEF1/PRDX2/CD27/SOCS3/RGCC/IFITM1/OCIAD2"
"2","GO:0050863","regulation of T cell activation","11/46",4.87209044319277e-05,0.00473567191078338,11,"CD40LG/SIT1/CD2/IL7R/LAT/LCK/CD3E/LEF1/PRDX2/CD27/CD69"
"2","GO:0030097","hemopoiesis","15/46",5.80175976443811e-05,0.00512664590093986,15,"CD40LG/CD2/ITM2A/IL7R/CD3D/CD3G/FLT3LG/LCK/PBXIP1/CD3E/LEF1/PRDX2/CD27/SOCS3/CD69"
"2","GO:0045580","regulation of T cell differentiation","7/46",0.000102250629893917,0.00828230102140732,7,"CD2/IL7R/LCK/LEF1/PRDX2/CD27/CD69"
"2","GO:0051249","regulation of lymphocyte activation","12/46",0.000122725138161978,0.00917606417641867,12,"CD40LG/SIT1/CD2/IL7R/LAT/FLT3LG/LCK/CD3E/LEF1/PRDX2/CD27/CD69"
"2","GO:0046629","gamma-delta T cell activation","4/46",0.000145699092954817,0.0101156798822916,4,"CD3G/LCK/CD3E/LEF1"
"2","GO:0045058","T cell selection","5/46",0.000188735206083751,0.0122300413542271,5,"CD3D/CD3G/CD3E/SOCS3/CD69"
"2","GO:0045321","leukocyte activation","16/46",0.000287275214379021,0.0166223384379947,16,"CD40LG/SIT1/CD2/ITM2A/IL7R/CD3D/CD3G/LAT/FLT3LG/LCK/CD3E/LEF1/PRDX2/CD27/SOCS3/CD69"
"2","GO:0002694","regulation of leukocyte activation","12/46",0.000296253716494293,0.0166223384379947,12,"CD40LG/SIT1/CD2/IL7R/LAT/FLT3LG/LCK/CD3E/LEF1/PRDX2/CD27/CD69"
"2","GO:0001775","cell activation","17/46",0.000307821082185087,0.0166223384379947,17,"CD40LG/SIT1/CD2/ITM2A/IL7R/CD3D/CD3G/LAT/FLT3LG/LCK/CD3E/LEF1/PRDX2/CD27/SOCS3/RGCC/CD69"
"2","GO:0045619","regulation of lymphocyte differentiation","7/46",0.00035958281044639,0.0183954995659943,7,"CD2/IL7R/LCK/LEF1/PRDX2/CD27/CD69"
"2","GO:0002520","immune system development","6/46",0.000433326428806254,0.0210596644399839,6,"CD40LG/LTB/IL7R/CD3E/LEF1/PRDX2"
"2","GO:0050865","regulation of cell activation","12/46",0.000565755534342534,0.025277456772559,12,"CD40LG/SIT1/CD2/IL7R/LAT/FLT3LG/LCK/CD3E/LEF1/PRDX2/CD27/CD69"
"2","GO:0006955","immune response","21/46",0.000572123507197837,0.025277456772559,21,"CD40LG/OPTN/TRAT1/SIT1/CD2/ITM2A/IL32/LTB/IL7R/CD3D/CD3G/LAT/LCK/CD3E/LEF1/CD27/SOCS3/RGCC/IFITM1/CD69/TAP1"
"2","GO:0050852","T cell receptor signaling pathway","6/46",0.000810033718056313,0.0342327293022059,6,"TRAT1/CD3D/CD3G/LAT/LCK/CD3E"
"2","GO:0002376","immune system process","24/46",0.0010617167968176,0.0429995302711128,24,"AQP3/CD40LG/OPTN/TRAT1/SIT1/CD2/ITM2A/IL32/LTB/IL7R/CD3D/CD3G/LAT/FLT3LG/LCK/CD3E/LEF1/PRDX2/CD27/SOCS3/RGCC/IFITM1/CD69/TAP1"
"2","GO:0008219","cell death","19/46",0.00125717546217841,0.0471974487483276,19,"CD40LG/OPTN/MAL/CD2/TRADD/LTB/PPP2R5C/IL7R/CD3G/TNFAIP8/LCK/CD3E/LEF1/PRDX2/CD27/SOCS3/RGCC/PDCD5/HINT1"
"2","GO:0009967","positive regulation of signal transduction","15/46",0.00126248319697173,0.0471974487483276,15,"CD40LG/MAL/TRAT1/TRADD/LTB/IL7R/LAT/LCK/PBXIP1/CD3E/LEF1/PRDX2/CD27/OCIAD2/HINT1"
"3","GO:0002399","MHC class II protein complex assembly","11/46",2.32634644010389e-15,1.14688879497122e-12,11,"HLA-DOB/HLA-DQB1/HLA-DQA1/HLA-DQA2/HLA-DRA/HLA-DMB/HLA-DPB1/HLA-DMA/HLA-DRB1/HLA-DRB5/HLA-DPA1"
"3","GO:0002503","peptide antigen assembly with MHC class II protein complex","11/46",2.32634644010389e-15,1.14688879497122e-12,11,"HLA-DOB/HLA-DQB1/HLA-DQA1/HLA-DQA2/HLA-DRA/HLA-DMB/HLA-DPB1/HLA-DMA/HLA-DRB1/HLA-DRB5/HLA-DPA1"
"3","GO:0019886","antigen processing and presentation of exogenous peptide antigen via MHC class II","12/46",8.41885478400821e-14,2.62393500296111e-11,12,"HLA-DOB/HLA-DQB1/HLA-DQA1/HLA-DQA2/CD74/HLA-DRA/HLA-DMB/HLA-DPB1/HLA-DMA/HLA-DRB1/HLA-DRB5/HLA-DPA1"
"3","GO:0002495","antigen processing and presentation of peptide antigen via MHC class II","12/46",1.72276601098605e-13,2.62393500296111e-11,12,"HLA-DOB/HLA-DQB1/HLA-DQA1/HLA-DQA2/CD74/HLA-DRA/HLA-DMB/HLA-DPB1/HLA-DMA/HLA-DRB1/HLA-DRB5/HLA-DPA1"
"3","GO:0002504","antigen processing and presentation of peptide or polysaccharide antigen via MHC class II","12/46",1.72276601098605e-13,2.62393500296111e-11,12,"HLA-DOB/HLA-DQB1/HLA-DQA1/HLA-DQA2/CD74/HLA-DRA/HLA-DMB/HLA-DPB1/HLA-DMA/HLA-DRB1/HLA-DRB5/HLA-DPA1"
"3","GO:0002396","MHC protein complex assembly","11/46",1.86283418060119e-13,2.62393500296111e-11,11,"HLA-DOB/HLA-DQB1/HLA-DQA1/HLA-DQA2/HLA-DRA/HLA-DMB/HLA-DPB1/HLA-DMA/HLA-DRB1/HLA-DRB5/HLA-DPA1"
"3","GO:0002501","peptide antigen assembly with MHC protein complex","11/46",1.86283418060119e-13,2.62393500296111e-11,11,"HLA-DOB/HLA-DQB1/HLA-DQA1/HLA-DQA2/HLA-DRA/HLA-DMB/HLA-DPB1/HLA-DMA/HLA-DRB1/HLA-DRB5/HLA-DPA1"
"3","GO:0002478","antigen processing and presentation of exogenous peptide antigen","12/46",1.15341212327358e-12,1.42158044193469e-10,12,"HLA-DOB/HLA-DQB1/HLA-DQA1/HLA-DQA2/CD74/HLA-DRA/HLA-DMB/HLA-DPB1/HLA-DMA/HLA-DRB1/HLA-DRB5/HLA-DPA1"
"3","GO:0050778","positive regulation of immune response","24/46",4.37221259805836e-12,4.79000180187283e-10,24,"CD79A/FCER2/MS4A1/CD72/HLA-DOB/BLK/CD79B/BANK1/HLA-DQB1/HLA-DQA1/CD40/HLA-DQA2/MEF2C/CD74/HLA-DRA/HLA-DMB/HLA-DPB1/HLA-DMA/HLA-DRB1/HLA-DRB5/HLA-DPA1/STX7/BIRC3/PRKCB"
"3","GO:0019884","antigen processing and presentation of exogenous antigen","12/46",5.80882401212051e-12,5.44194993120303e-10,12,"HLA-DOB/HLA-DQB1/HLA-DQA1/HLA-DQA2/CD74/HLA-DRA/HLA-DMB/HLA-DPB1/HLA-DMA/HLA-DRB1/HLA-DRB5/HLA-DPA1"
"3","GO:0050776","regulation of immune response","26/46",6.07114089687965e-12,5.44194993120303e-10,26,"CD79A/FCER2/MS4A1/CD72/HLA-DOB/BLK/CD79B/BANK1/HLA-DQB1/HLA-DQA1/CD40/HLA-DQA2/MEF2C/CD74/HLA-DRA/HLA-DMB/HLA-DPB1/HLA-DMA/HLA-DRB1/HLA-DRB5/HLA-DPA1/CD37/NCF1/STX7/BIRC3/PRKCB"
"3","GO:0048002","antigen processing and presentation of peptide antigen","12/46",3.64210848711305e-11,2.99259914024455e-09,12,"HLA-DOB/HLA-DQB1/HLA-DQA1/HLA-DQA2/CD74/HLA-DRA/HLA-DMB/HLA-DPB1/HLA-DMA/HLA-DRB1/HLA-DRB5/HLA-DPA1"
"3","GO:0006955","immune response","31/46",1.20365538634193e-10,9.12926316102415e-09,31,"VPREB3/CD79A/FCRLA/FCER2/MS4A1/CD72/HLA-DOB/BLK/CD79B/BANK1/HLA-DQB1/HLA-DQA1/CD40/HLA-DQA2/IRF8/MEF2C/HVCN1/CD74/HLA-DRA/HLA-DMB/HLA-DPB1/HLA-DMA/HLA-DRB1/HLA-DRB5/HLA-DPA1/CD37/LY86/NCF1/STX7/BIRC3/PRKCB"
"3","GO:0002684","positive regulation of immune system process","25/46",1.92234175101423e-10,1.3538778332143e-08,25,"CD79A/FCER2/MS4A1/CD72/HLA-DOB/BLK/CD79B/BANK1/HLA-DQB1/HLA-DQA1/CD40/HLA-DQA2/MEF2C/CD74/HLA-DRA/HLA-DMB/HLA-DPB1/HLA-DMA/HLA-DRB1/HLA-DRB5/HLA-DPA1/CD37/STX7/BIRC3/PRKCB"
"3","GO:0002250","adaptive immune response","19/46",4.21100350903653e-10,2.76803297327334e-08,19,"CD79A/FCER2/HLA-DOB/CD79B/HLA-DQB1/HLA-DQA1/CD40/HLA-DQA2/MEF2C/CD74/HLA-DRA/HLA-DMB/HLA-DPB1/HLA-DMA/HLA-DRB1/HLA-DRB5/HLA-DPA1/STX7/PRKCB"
"3","GO:0019882","antigen processing and presentation","13/46",6.0208165877611e-10,3.71032822220778e-08,13,"FCER2/HLA-DOB/HLA-DQB1/HLA-DQA1/HLA-DQA2/CD74/HLA-DRA/HLA-DMB/HLA-DPB1/HLA-DMA/HLA-DRB1/HLA-DRB5/HLA-DPA1"
"3","GO:0046649","lymphocyte activation","21/46",6.49047778987529e-09,3.76447711812767e-07,21,"CD79A/MS4A1/HLA-DOB/CD79B/BANK1/HLA-DQB1/HLA-DQA1/CD40/HLA-DQA2/IRF8/MEF2C/CD74/HLA-DRA/HLA-DMB/HLA-DPB1/HLA-DMA/HLA-DRB1/HLA-DRB5/HLA-DPA1/CD37/PRKCB"
"3","GO:0002682","regulation of immune system process","26/46",1.55972849264486e-08,8.54384607637687e-07,26,"CD79A/FCER2/MS4A1/CD72/HLA-DOB/BLK/CD79B/BANK1/HLA-DQB1/HLA-DQA1/CD40/HLA-DQA2/MEF2C/CD74/HLA-DRA/HLA-DMB/HLA-DPB1/HLA-DMA/HLA-DRB1/HLA-DRB5/HLA-DPA1/CD37/NCF1/STX7/BIRC3/PRKCB"
"3","GO:0045321","leukocyte activation","22/46",2.60093642926563e-08,1.34974911539785e-06,22,"CD79A/FCER2/MS4A1/HLA-DOB/CD79B/BANK1/HLA-DQB1/HLA-DQA1/CD40/HLA-DQA2/IRF8/MEF2C/CD74/HLA-DRA/HLA-DMB/HLA-DPB1/HLA-DMA/HLA-DRB1/HLA-DRB5/HLA-DPA1/CD37/PRKCB"
"3","GO:0051251","positive regulation of lymphocyte activation","14/46",3.74874958727663e-08,1.84813354652738e-06,14,"HLA-DOB/HLA-DQB1/HLA-DQA1/CD40/HLA-DQA2/MEF2C/CD74/HLA-DRA/HLA-DMB/HLA-DPB1/HLA-DMA/HLA-DRB1/HLA-DRB5/HLA-DPA1"
"3","GO:0002696","positive regulation of leukocyte activation","14/46",8.39205557908915e-08,3.94026990522947e-06,14,"HLA-DOB/HLA-DQB1/HLA-DQA1/CD40/HLA-DQA2/MEF2C/CD74/HLA-DRA/HLA-DMB/HLA-DPB1/HLA-DMA/HLA-DRB1/HLA-DRB5/HLA-DPA1"
"3","GO:0002376","immune system process","31/46",1.0133969181297e-07,4.35942186063775e-06,31,"VPREB3/CD79A/FCRLA/FCER2/MS4A1/CD72/HLA-DOB/BLK/CD79B/BANK1/HLA-DQB1/HLA-DQA1/CD40/HLA-DQA2/IRF8/MEF2C/HVCN1/CD74/HLA-DRA/HLA-DMB/HLA-DPB1/HLA-DMA/HLA-DRB1/HLA-DRB5/HLA-DPA1/CD37/LY86/NCF1/STX7/BIRC3/PRKCB"
"3","GO:0051249","regulation of lymphocyte activation","16/46",1.01690367945911e-07,4.35942186063775e-06,16,"HLA-DOB/BANK1/HLA-DQB1/HLA-DQA1/CD40/HLA-DQA2/MEF2C/CD74/HLA-DRA/HLA-DMB/HLA-DPB1/HLA-DMA/HLA-DRB1/HLA-DRB5/HLA-DPA1/CD37"
"3","GO:0050867","positive regulation of cell activation","14/46",1.77598644982731e-07,7.29634433137386e-06,14,"HLA-DOB/HLA-DQB1/HLA-DQA1/CD40/HLA-DQA2/MEF2C/CD74/HLA-DRA/HLA-DMB/HLA-DPB1/HLA-DMA/HLA-DRB1/HLA-DRB5/HLA-DPA1"
"3","GO:0001775","cell activation","22/46",2.0369574665869e-07,7.79426949346405e-06,22,"CD79A/FCER2/MS4A1/HLA-DOB/CD79B/BANK1/HLA-DQB1/HLA-DQA1/CD40/HLA-DQA2/IRF8/MEF2C/CD74/HLA-DRA/HLA-DMB/HLA-DPB1/HLA-DMA/HLA-DRB1/HLA-DRB5/HLA-DPA1/CD37/PRKCB"
"3","GO:0050870","positive regulation of T cell activation","12/46",2.05528404492967e-07,7.79426949346405e-06,12,"HLA-DOB/HLA-DQB1/HLA-DQA1/HLA-DQA2/CD74/HLA-DRA/HLA-DMB/HLA-DPB1/HLA-DMA/HLA-DRB1/HLA-DRB5/HLA-DPA1"
"3","GO:0050853","B cell receptor signaling pathway","8/46",2.23095347331695e-07,8.14711157292783e-06,8,"CD79A/MS4A1/CD72/BLK/CD79B/BANK1/MEF2C/PRKCB"
"3","GO:0002694","regulation of leukocyte activation","16/46",3.761109353202e-07,1.32444779366328e-05,16,"HLA-DOB/BANK1/HLA-DQB1/HLA-DQA1/CD40/HLA-DQA2/MEF2C/CD74/HLA-DRA/HLA-DMB/HLA-DPB1/HLA-DMA/HLA-DRB1/HLA-DRB5/HLA-DPA1/CD37"
"3","GO:1903039","positive regulation of leukocyte cell-cell adhesion","12/46",4.11861466015215e-07,1.40032898445173e-05,12,"HLA-DOB/HLA-DQB1/HLA-DQA1/HLA-DQA2/CD74/HLA-DRA/HLA-DMB/HLA-DPB1/HLA-DMA/HLA-DRB1/HLA-DRB5/HLA-DPA1"
"3","GO:1903037","regulation of leukocyte cell-cell adhesion","13/46",4.40877182673869e-07,1.44616448940951e-05,13,"HLA-DOB/HLA-DQB1/HLA-DQA1/HLA-DQA2/CD74/HLA-DRA/HLA-DMB/HLA-DPB1/HLA-DMA/HLA-DRB1/HLA-DRB5/HLA-DPA1/CD37"
"3","GO:0050851","antigen receptor-mediated signaling pathway","11/46",4.54676462187575e-07,1.44616448940951e-05,11,"CD79A/MS4A1/CD72/BLK/CD79B/BANK1/HLA-DQB1/MEF2C/HLA-DPB1/HLA-DRB1/PRKCB"
"3","GO:0048584","positive regulation of response to stimulus","26/46",5.49747720050975e-07,1.69391016240707e-05,26,"CD79A/FCER2/MS4A1/CD72/HLA-DOB/BLK/CD79B/P2RX5/BANK1/HLA-DQB1/HLA-DQA1/CD40/HLA-DQA2/MEF2C/CD74/HLA-DRA/HLA-DMB/HLA-DPB1/HLA-DMA/HLA-DRB1/HLA-DRB5/HLA-DPA1/LY86/STX7/BIRC3/PRKCB"
"3","GO:0022409","positive regulation of cell-cell adhesion","12/46",9.18100372022644e-07,2.74317262671008e-05,12,"HLA-DOB/HLA-DQB1/HLA-DQA1/HLA-DQA2/CD74/HLA-DRA/HLA-DMB/HLA-DPB1/HLA-DMA/HLA-DRB1/HLA-DRB5/HLA-DPA1"
"3","GO:0050865","regulation of cell activation","16/46",9.90154536153333e-07,2.87144815484467e-05,16,"HLA-DOB/BANK1/HLA-DQB1/HLA-DQA1/CD40/HLA-DQA2/MEF2C/CD74/HLA-DRA/HLA-DMB/HLA-DPB1/HLA-DMA/HLA-DRB1/HLA-DRB5/HLA-DPA1/CD37"
"3","GO:0050863","regulation of T cell activation","13/46",1.17619484564409e-06,3.31350890801449e-05,13,"HLA-DOB/HLA-DQB1/HLA-DQA1/HLA-DQA2/CD74/HLA-DRA/HLA-DMB/HLA-DPB1/HLA-DMA/HLA-DRB1/HLA-DRB5/HLA-DPA1/CD37"
"3","GO:0002768","immune response-regulating cell surface receptor signaling pathway","13/46",1.74001810990119e-06,4.76571626767382e-05,13,"CD79A/FCER2/MS4A1/CD72/BLK/CD79B/BANK1/HLA-DQB1/CD40/MEF2C/HLA-DPB1/HLA-DRB1/PRKCB"
"3","GO:0007159","leukocyte cell-cell adhesion","13/46",2.23939959157627e-06,5.96769728998432e-05,13,"HLA-DOB/HLA-DQB1/HLA-DQA1/HLA-DQA2/CD74/HLA-DRA/HLA-DMB/HLA-DPB1/HLA-DMA/HLA-DRB1/HLA-DRB5/HLA-DPA1/CD37"
"3","GO:0022407","regulation of cell-cell adhesion","13/46",2.53413722335822e-06,6.5754192163979e-05,13,"HLA-DOB/HLA-DQB1/HLA-DQA1/HLA-DQA2/CD74/HLA-DRA/HLA-DMB/HLA-DPB1/HLA-DMA/HLA-DRB1/HLA-DRB5/HLA-DPA1/CD37"
"3","GO:0002429","immune response-activating cell surface receptor signaling pathway","12/46",4.90267503883811e-06,0.000123949681751138,12,"CD79A/FCER2/MS4A1/CD72/BLK/CD79B/BANK1/HLA-DQB1/MEF2C/HLA-DPB1/HLA-DRB1/PRKCB"
"3","GO:0045785","positive regulation of cell adhesion","12/46",1.28123593189168e-05,0.000313723286895195,12,"HLA-DOB/HLA-DQB1/HLA-DQA1/HLA-DQA2/CD74/HLA-DRA/HLA-DMB/HLA-DPB1/HLA-DMA/HLA-DRB1/HLA-DRB5/HLA-DPA1"
"3","GO:0002764","immune response-regulating signaling pathway","14/46",1.30452888059868e-05,0.000313723286895195,14,"CD79A/FCER2/MS4A1/CD72/BLK/CD79B/BANK1/HLA-DQB1/CD40/MEF2C/HLA-DPB1/HLA-DRB1/BIRC3/PRKCB"
"3","GO:0048583","regulation of response to stimulus","29/46",2.24711157427386e-05,0.000527536193389054,29,"CD79A/FCER2/MS4A1/CD72/HLA-DOB/BLK/CD79B/GNG7/P2RX5/BANK1/HLA-DQB1/HLA-DQA1/CD40/HLA-DQA2/MEF2C/CD74/HLA-DRA/HLA-DMB/HLA-DPB1/HLA-DMA/HLA-DRB1/HLA-DRB5/HLA-DPA1/CD37/LY86/NCF1/STX7/BIRC3/PRKCB"
"3","GO:0002757","immune response-activating signaling pathway","13/46",2.44937539902377e-05,0.000561647475218008,13,"CD79A/FCER2/MS4A1/CD72/BLK/CD79B/BANK1/HLA-DQB1/MEF2C/HLA-DPB1/HLA-DRB1/BIRC3/PRKCB"
"3","GO:0098609","cell-cell adhesion","14/46",4.43227792029457e-05,0.000983874419001772,14,"HLA-DOB/HLA-DQB1/HLA-DQA1/PDLIM1/HLA-DQA2/CD74/HLA-DRA/HLA-DMB/HLA-DPB1/HLA-DMA/HLA-DRB1/HLA-DRB5/HLA-DPA1/CD37"
"3","GO:0042113","B cell activation","9/46",4.4902990725233e-05,0.000983874419001772,9,"CD79A/MS4A1/CD79B/BANK1/CD40/IRF8/MEF2C/CD74/PRKCB"
"3","GO:0002253","activation of immune response","13/46",5.53482374728484e-05,0.00118637743800497,13,"CD79A/FCER2/MS4A1/CD72/BLK/CD79B/BANK1/HLA-DQB1/MEF2C/HLA-DPB1/HLA-DRB1/BIRC3/PRKCB"
"3","GO:0030155","regulation of cell adhesion","13/46",6.564838001832e-05,0.00137721920634178,13,"HLA-DOB/HLA-DQB1/HLA-DQA1/HLA-DQA2/CD74/HLA-DRA/HLA-DMB/HLA-DPB1/HLA-DMA/HLA-DRB1/HLA-DRB5/HLA-DPA1/CD37"
"3","GO:0042110","T cell activation","13/46",9.13883857589752e-05,0.00187726975746562,13,"HLA-DOB/HLA-DQB1/HLA-DQA1/HLA-DQA2/CD74/HLA-DRA/HLA-DMB/HLA-DPB1/HLA-DMA/HLA-DRB1/HLA-DRB5/HLA-DPA1/CD37"
"3","GO:0046651","lymphocyte proliferation","10/46",9.45718844070885e-05,0.0019030179188855,10,"CD79A/MS4A1/CD40/MEF2C/CD74/HLA-DMB/HLA-DPB1/HLA-DRB1/HLA-DPA1/CD37"
"3","GO:0032943","mononuclear cell proliferation","10/46",0.000105439713552901,0.00207927115126321,10,"CD79A/MS4A1/CD40/MEF2C/CD74/HLA-DMB/HLA-DPB1/HLA-DRB1/HLA-DPA1/CD37"
"3","GO:0070661","leukocyte proliferation","10/46",0.000215651805335674,0.0041692682364897,10,"CD79A/MS4A1/CD40/MEF2C/CD74/HLA-DMB/HLA-DPB1/HLA-DRB1/HLA-DPA1/CD37"
"3","GO:0002699","positive regulation of immune effector process","8/46",0.000263671269144453,0.00499961291108521,8,"FCER2/CD40/CD74/HLA-DRA/HLA-DMB/HLA-DRB1/CD37/STX7"
"3","GO:0007155","cell adhesion","15/46",0.000324087249918674,0.00602924581924175,15,"CD72/HLA-DOB/HLA-DQB1/HLA-DQA1/PDLIM1/HLA-DQA2/CD74/HLA-DRA/HLA-DMB/HLA-DPB1/HLA-DMA/HLA-DRB1/HLA-DRB5/HLA-DPA1/CD37"
"3","GO:0042100","B cell proliferation","5/46",0.000497732036727221,0.00903391293000597,5,"CD79A/MS4A1/CD40/MEF2C/CD74"
"3","GO:0051239","regulation of multicellular organismal process","21/46",0.000503920092444552,0.00903391293000597,21,"HLA-DOB/P2RX5/BANK1/HLA-DQB1/HLA-DQA1/CD40/HLA-DQA2/EAF2/IRF8/MEF2C/CD74/HLA-DRA/HLA-DMB/HLA-DPB1/HLA-DMA/HLA-DRB1/HLA-DRB5/HLA-DPA1/CD37/NCF1/PRKCB"
"3","GO:0050670","regulation of lymphocyte proliferation","8/46",0.000589497532812978,0.0103793672741714,8,"CD40/MEF2C/CD74/HLA-DMB/HLA-DPB1/HLA-DRB1/HLA-DPA1/CD37"
"3","GO:0032944","regulation of mononuclear cell proliferation","8/46",0.000655293675141689,0.0113354309419246,8,"CD40/MEF2C/CD74/HLA-DMB/HLA-DPB1/HLA-DRB1/HLA-DPA1/CD37"
"3","GO:0051240","positive regulation of multicellular organismal process","16/46",0.000681473682039291,0.011585052594668,16,"HLA-DOB/HLA-DQB1/HLA-DQA1/CD40/HLA-DQA2/IRF8/MEF2C/CD74/HLA-DRA/HLA-DMB/HLA-DPB1/HLA-DMA/HLA-DRB1/HLA-DRB5/HLA-DPA1/PRKCB"
"3","GO:0070663","regulation of leukocyte proliferation","8/46",0.000980782284971416,0.0163907005590138,8,"CD40/MEF2C/CD74/HLA-DMB/HLA-DPB1/HLA-DRB1/HLA-DPA1/CD37"
"3","GO:0002708","positive regulation of lymphocyte mediated immunity","5/46",0.00108833682149515,0.0178850017665703,5,"FCER2/CD40/HLA-DRA/HLA-DRB1/STX7"
"3","GO:0032946","positive regulation of mononuclear cell proliferation","6/46",0.00122991163058076,0.0195595623831069,6,"CD40/MEF2C/CD74/HLA-DMB/HLA-DPB1/HLA-DPA1"
"3","GO:0050671","positive regulation of lymphocyte proliferation","6/46",0.00122991163058076,0.0195595623831069,6,"CD40/MEF2C/CD74/HLA-DMB/HLA-DPB1/HLA-DPA1"
"3","GO:0002824","positive regulation of adaptive immune response based on somatic recombination of immune receptors built from immunoglobulin superfamily domains","5/46",0.00129456762513882,0.0202610107680456,5,"FCER2/CD40/HLA-DRA/HLA-DRB1/STX7"
"3","GO:0002697","regulation of immune effector process","9/46",0.0014414162356833,0.0222068188809959,9,"FCER2/CD40/CD74/HLA-DRA/HLA-DMB/HLA-DRB1/CD37/NCF1/STX7"
"3","GO:0007166","cell surface receptor signaling pathway","19/46",0.00147942081143822,0.0224416756935089,19,"CD79A/FCRLA/FCER2/MS4A1/CD72/BLK/CD79B/GNG7/P2RX5/BANK1/HLA-DQB1/CD40/MEF2C/CD74/HLA-DPB1/HLA-DRB1/LY86/BIRC3/PRKCB"
"3","GO:0002821","positive regulation of adaptive immune response","5/46",0.00208779376966864,0.0311903735892921,5,"FCER2/CD40/HLA-DRA/HLA-DRB1/STX7"
"3","GO:0070665","positive regulation of leukocyte proliferation","6/46",0.00227935951539815,0.0335440071967549,6,"CD40/MEF2C/CD74/HLA-DMB/HLA-DPB1/HLA-DPA1"
"3","GO:0002705","positive regulation of leukocyte mediated immunity","5/46",0.00241776326544285,0.0350575673489214,5,"FCER2/CD40/HLA-DRA/HLA-DRB1/STX7"
"3","GO:0002285","lymphocyte activation involved in immune response","6/46",0.00255252548084239,0.0354477482269098,6,"CD40/IRF8/CD74/HLA-DRA/HLA-DMB/HLA-DRB1"
"3","GO:0002822","regulation of adaptive immune response based on somatic recombination of immune receptors built from immunoglobulin superfamily domains","6/46",0.00255252548084239,0.0354477482269098,6,"FCER2/CD40/MEF2C/HLA-DRA/HLA-DRB1/STX7"
"3","GO:0006959","humoral immune response","6/46",0.00255252548084239,0.0354477482269098,6,"FCER2/MS4A1/HLA-DQB1/MEF2C/HLA-DRB1/CD37"
"3","GO:0042832","defense response to protozoan","3/46",0.00283548143752146,0.0388303430193911,3,"CD40/IRF8/CD37"
"3","GO:0009617","response to bacterium","10/46",0.00338226451249298,0.0456837371139462,10,"FCER2/MS4A1/CD79B/BANK1/CD40/IRF8/MEF2C/HLA-DRB1/LY86/NCF1"
"3","GO:0001562","response to protozoan","3/46",0.00381486369903906,0.0488500728214612,3,"CD40/IRF8/CD37"
"3","GO:0030890","positive regulation of B cell proliferation","3/46",0.00381486369903906,0.0488500728214612,3,"CD40/MEF2C/CD74"
"3","GO:0032024","positive regulation of insulin secretion","3/46",0.00381486369903906,0.0488500728214612,3,"BLK/HLA-DRB1/PRKCB"
"3","GO:0090277","positive regulation of peptide hormone secretion","3/46",0.00381486369903906,0.0488500728214612,3,"BLK/HLA-DRB1/PRKCB"
"4","GO:0002376","immune system process","29/45",1.14205531751145e-06,0.00134534116402849,29,"GZMK/NCR3/CCL5/LYAR/CD8A/KLRG1/CD8B/CTSW/GZMA/IL7R/IL32/GZMM/SIT1/CST7/PIM1/CITED2/ID2/CD7/CD3E/CD2/HCST/CD3D/ZFP36L2/APOBEC3G/LCK/CKLF/XBP1/JUN/LAT"
"4","GO:0006955","immune response","24/45",8.6923915918516e-06,0.00511981864760059,24,"GZMK/NCR3/CCL5/LYAR/CD8A/KLRG1/CD8B/CTSW/GZMA/IL7R/IL32/GZMM/SIT1/CST7/PIM1/CD7/CD3E/CD2/HCST/CD3D/APOBEC3G/LCK/XBP1/LAT"
"4","GO:0042110","T cell activation","14/45",1.4161275143342e-05,0.00556066070628562,14,"NCR3/CCL5/CD8A/CD8B/IL7R/SIT1/CD7/CD3E/CD2/CD3D/ZFP36L2/LCK/XBP1/LAT"
"4","GO:0045321","leukocyte activation","17/45",5.51308399948532e-05,0.0162360323784843,17,"NCR3/CCL5/CD8A/CD8B/IL7R/SIT1/CST7/ID2/CD7/CD3E/CD2/CD3D/ZFP36L2/LCK/XBP1/JUN/LAT"
"4","GO:0002682","regulation of immune system process","20/45",9.03022929764919e-05,0.0211655206876848,20,"GZMK/NCR3/CCL5/LYAR/CD8A/CD8B/IL7R/SIT1/CST7/PIM1/ID2/CD7/CD3E/CD2/HCST/CD3D/ZFP36L2/LCK/XBP1/LAT"
"4","GO:0046649","lymphocyte activation","15/45",0.00010780401029381,0.0211655206876848,15,"NCR3/CCL5/CD8A/CD8B/IL7R/SIT1/ID2/CD7/CD3E/CD2/CD3D/ZFP36L2/LCK/XBP1/LAT"
"4","GO:0030097","hemopoiesis","14/45",0.00018480569396186,0.0311001582124388,14,"LYAR/CD8A/IL7R/PIM1/CITED2/ID2/CD3E/CD2/CD3D/ZFP36L2/LCK/PBXIP1/XBP1/JUN"
"4","GO:0001775","cell activation","17/45",0.000225553607925781,0.0332127687670713,17,"NCR3/CCL5/CD8A/CD8B/IL7R/SIT1/CST7/ID2/CD7/CD3E/CD2/CD3D/ZFP36L2/LCK/XBP1/JUN/LAT"
"4","GO:0045598","regulation of fat cell differentiation","4/45",0.000300912648923641,0.0379634389765915,4,"PIM1/ID2/ZFP36L2/XBP1"
"4","GO:0030217","T cell differentiation","8/45",0.00032227027993711,0.0379634389765915,8,"CD8A/IL7R/CD3E/CD2/CD3D/ZFP36L2/LCK/XBP1"
"4","GO:0002521","leukocyte differentiation","11/45",0.000383011524888899,0.0410170523926475,11,"CD8A/IL7R/CITED2/ID2/CD3E/CD2/CD3D/ZFP36L2/LCK/XBP1/JUN"
"4","GO:0001906","cell killing","8/45",0.00050426593057449,0.0465114341043386,8,"GZMK/NCR3/GZMA/IL7R/GZMM/PIM1/CD2/HCST"
"4","GO:0030098","lymphocyte differentiation","9/45",0.000516807739020135,0.0465114341043386,9,"CD8A/IL7R/ID2/CD3E/CD2/CD3D/ZFP36L2/LCK/XBP1"
"4","GO:0048661","positive regulation of smooth muscle cell proliferation","4/45",0.000582054306238375,0.0465114341043386,4,"CCL5/ID2/XBP1/JUN"
"4","GO:0006952","defense response","19/45",0.00059225085871399,0.0465114341043386,19,"GZMK/NCR3/CCL5/LYAR/KLRG1/GZMA/IL7R/IL32/GZMM/CST7/PIM1/CD2/PTPRCAP/HCST/APOBEC3G/PBXIP1/ALOX5AP/JUN/LAT"
"4","GO:0050776","regulation of immune response","15/45",0.000644438321261175,0.047446771402854,15,"GZMK/NCR3/CCL5/LYAR/CD8A/CD8B/IL7R/PIM1/CD7/CD3E/HCST/CD3D/LCK/XBP1/LAT"
"4","GO:0050852","T cell receptor signaling pathway","6/45",0.00071771418481774,0.0479347982046465,6,"CD8A/CD8B/CD3E/CD3D/LCK/LAT"
"4","GO:0007167","enzyme-linked receptor protein signaling pathway","9/45",0.000740619468484442,0.0479347982046465,9,"CD8A/CD8B/CITED2/CD7/HSPA5/CD3E/LCK/XBP1/JUN"
"4","GO:1903131","mononuclear cell differentiation","10/45",0.000773141906526556,0.0479347982046465,10,"CD8A/IL7R/ID2/CD3E/CD2/CD3D/ZFP36L2/LCK/XBP1/JUN"
"4","GO:0010604","positive regulation of macromolecule metabolic process","20/45",0.000824563027581967,0.0485667623245778,20,"CCL5/LYAR/IL7R/IL32/PIM1/CITED2/TMED10/ID2/CD7/HSPA5/CD3E/CD2/ZFP36L2/IER2/LCK/PBXIP1/XBP1/JUN/LAT/MYLIP"
"5","GO:0002443","leukocyte mediated immunity","18/42",1.08806565491021e-11,1.01842945299595e-08,18,"GZMB/SH2D1B/SPON2/XCL1/PRF1/KLRD1/PTGDR/NKG7/IL2RB/HAVCR2/TBX21/GZMM/NCR3/CX3CR1/FCGR3A/CD300A/CCL3/CD7"
"5","GO:0001906","cell killing","13/42",5.79552555446584e-09,2.37098432435581e-06,13,"GNLY/GZMB/XCL1/PRF1/KLRD1/NKG7/HAVCR2/GZMA/GZMM/GZMH/NCR3/CX3CR1/FCGR3A"
"5","GO:0002252","immune effector process","18/42",1.01233513965477e-08,2.37098432435581e-06,18,"GZMB/SH2D1B/SPON2/XCL1/PRF1/KLRD1/PTGDR/NKG7/IL2RB/HAVCR2/TBX21/GZMM/NCR3/CX3CR1/FCGR3A/CD300A/CCL3/CD7"
"5","GO:0006955","immune response","27/42",1.01324116425462e-08,2.37098432435581e-06,27,"GNLY/GZMB/SH2D1B/SPON2/XCL2/KLRF1/XCL1/PRF1/KLRD1/CCL4/PTGDR/NKG7/IL2RB/HAVCR2/CST7/GZMA/TBX21/CD247/CTSW/GZMM/NCR3/CX3CR1/FCGR3A/CD300A/CCL3/CD7/ZAP70"
"5","GO:0002449","lymphocyte mediated immunity","13/42",3.11447008117492e-08,5.83028799195946e-06,13,"GZMB/SH2D1B/XCL1/PRF1/KLRD1/NKG7/IL2RB/HAVCR2/TBX21/GZMM/NCR3/FCGR3A/CD7"
"5","GO:0031640","killing of cells of another organism","8/42",7.14303959605348e-08,9.55126437415151e-06,8,"GNLY/GZMB/XCL1/PRF1/NKG7/GZMA/GZMM/GZMH"
"5","GO:0141061","disruption of cell in another organism","8/42",7.14303959605348e-08,9.55126437415151e-06,8,"GNLY/GZMB/XCL1/PRF1/NKG7/GZMA/GZMM/GZMH"
"5","GO:0141060","disruption of anatomical structure in another organism","8/42",1.04950977440372e-07,1.22792643605236e-05,8,"GNLY/GZMB/XCL1/PRF1/NKG7/GZMA/GZMM/GZMH"
"5","GO:0001909","leukocyte mediated cytotoxicity","10/42",2.50415566453257e-07,2.60432189111387e-05,10,"GZMB/XCL1/PRF1/KLRD1/NKG7/HAVCR2/GZMM/NCR3/CX3CR1/FCGR3A"
"5","GO:0006952","defense response","23/42",6.22015064043571e-07,5.82206099944782e-05,23,"GNLY/GZMB/SH2D1B/SPON2/XCL2/KLRF1/XCL1/PRF1/KLRD1/CCL4/PTGDR/NKG7/HAVCR2/CST7/GZMA/GZMM/NCR3/CX3CR1/FCGR3A/CD300A/CCL3/AOAH/ALOX5AP"
"5","GO:0006954","inflammatory response","16/42",9.24818619389503e-07,7.86936570680522e-05,16,"GZMB/XCL2/XCL1/PRF1/CCL4/PTGDR/NKG7/HAVCR2/CST7/GZMA/NCR3/CX3CR1/FCGR3A/CCL3/AOAH/ALOX5AP"
"5","GO:0002376","immune system process","27/42",2.949329937079e-06,0.000230047735092162,27,"GNLY/GZMB/SH2D1B/SPON2/XCL2/KLRF1/XCL1/PRF1/KLRD1/CCL4/PTGDR/NKG7/IL2RB/HAVCR2/CST7/GZMA/TBX21/CD247/CTSW/GZMM/NCR3/CX3CR1/FCGR3A/CD300A/CCL3/CD7/ZAP70"
"5","GO:0045321","leukocyte activation","18/42",3.97225050440735e-06,0.000283091876325667,18,"SH2D1B/KLRF1/XCL1/PRF1/KLRD1/PTGDR/NKG7/HAVCR2/CST7/TBX21/CD247/NCR3/CX3CR1/FCGR3A/CD300A/CCL3/CD7/ZAP70"
"5","GO:0001775","cell activation","19/42",4.23428020145228e-06,0.000283091876325667,19,"SH2D1B/KLRF1/XCL1/PRF1/KLRD1/PTGDR/NKG7/HAVCR2/CST7/TBX21/CD247/NCR3/CX3CR1/TPST2/FCGR3A/CD300A/CCL3/CD7/ZAP70"
"5","GO:1990868","response to chemokine","5/42",5.68171309076673e-06,0.000320928345330618,5,"XCL2/XCL1/CCL4/CX3CR1/CCL3"
"5","GO:1990869","cellular response to chemokine","5/42",5.68171309076673e-06,0.000320928345330618,5,"XCL2/XCL1/CCL4/CX3CR1/CCL3"
"5","GO:0140546","defense response to symbiont","17/42",5.82882678485097e-06,0.000320928345330618,17,"GNLY/GZMB/SH2D1B/SPON2/XCL2/KLRF1/XCL1/KLRD1/CCL4/NKG7/HAVCR2/GZMM/NCR3/CX3CR1/FCGR3A/CD300A/CCL3"
"5","GO:0002228","natural killer cell mediated immunity","7/42",6.4258114953617e-06,0.000332263814570515,7,"GZMB/SH2D1B/KLRD1/NKG7/HAVCR2/NCR3/FCGR3A"
"5","GO:0098542","defense response to other organism","17/42",6.74467144961515e-06,0.000332263814570515,17,"GNLY/GZMB/SH2D1B/SPON2/XCL2/KLRF1/XCL1/KLRD1/CCL4/NKG7/HAVCR2/GZMM/NCR3/CX3CR1/FCGR3A/CD300A/CCL3"
"5","GO:0009605","response to external stimulus","23/42",9.2451383198778e-06,0.000432672473370281,23,"GNLY/GZMB/SH2D1B/SPON2/XCL2/KLRF1/XCL1/PRF1/KLRD1/CCL4/NKG7/HAVCR2/CST7/GZMA/HOPX/TBX21/GZMM/NCR3/CX3CR1/FCGR3A/CD300A/CCL3/AOAH"
"5","GO:0002250","adaptive immune response","13/42",1.4232884197532e-05,0.00061722584915665,13,"SH2D1B/XCL1/PRF1/KLRD1/IL2RB/HAVCR2/TBX21/CD247/GZMM/CX3CR1/FCGR3A/CD7/ZAP70"
"5","GO:0044419","biological process involved in interspecies interaction between organisms","21/42",1.49984099958121e-05,0.00061722584915665,21,"GNLY/GZMB/SH2D1B/SPON2/XCL2/KLRF1/XCL1/PRF1/KLRD1/CCL4/NKG7/HAVCR2/GZMA/TBX21/GZMM/GZMH/NCR3/CX3CR1/FCGR3A/CD300A/CCL3"
"5","GO:0002703","regulation of leukocyte mediated immunity","9/42",1.53566606342858e-05,0.00061722584915665,9,"SH2D1B/XCL1/KLRD1/HAVCR2/TBX21/NCR3/CX3CR1/CD300A/CD7"
"5","GO:0051707","response to other organism","20/42",1.58263038245295e-05,0.00061722584915665,20,"GNLY/GZMB/SH2D1B/SPON2/XCL2/KLRF1/XCL1/PRF1/KLRD1/CCL4/NKG7/HAVCR2/GZMA/TBX21/GZMM/NCR3/CX3CR1/FCGR3A/CD300A/CCL3"
"5","GO:0043207","response to external biotic stimulus","20/42",1.67466347950768e-05,0.000626994006727676,20,"GNLY/GZMB/SH2D1B/SPON2/XCL2/KLRF1/XCL1/PRF1/KLRD1/CCL4/NKG7/HAVCR2/GZMA/TBX21/GZMM/NCR3/CX3CR1/FCGR3A/CD300A/CCL3"
"5","GO:0009607","response to biotic stimulus","20/42",2.33710183566759e-05,0.000841356660840332,20,"GNLY/GZMB/SH2D1B/SPON2/XCL2/KLRF1/XCL1/PRF1/KLRD1/CCL4/NKG7/HAVCR2/GZMA/TBX21/GZMM/NCR3/CX3CR1/FCGR3A/CD300A/CCL3"
"5","GO:0019730","antimicrobial humoral response","6/42",3.20146582962828e-05,0.00110984148760447,6,"GNLY/SPON2/XCL2/XCL1/CCL4/CCL3"
"5","GO:0002684","positive regulation of immune system process","17/42",3.36771009234957e-05,0.00112577737372828,17,"GZMB/SH2D1B/SPON2/XCL1/PRF1/KLRD1/CCL4/HAVCR2/TBX21/CD247/NCR3/CX3CR1/FCGR3A/CD300A/CCL3/CD7/ZAP70"
"5","GO:0046631","alpha-beta T cell activation","8/42",3.82772565601742e-05,0.00123543145311459,8,"KLRF1/XCL1/NKG7/TBX21/CD247/NCR3/CD300A/ZAP70"
"5","GO:0002704","negative regulation of leukocyte mediated immunity","6/42",4.12472840467105e-05,0.00128691526225737,6,"XCL1/KLRD1/HAVCR2/TBX21/CX3CR1/CD300A"
"5","GO:0002456","T cell mediated immunity","7/42",4.62596579896786e-05,0.00139674322188191,7,"XCL1/PRF1/KLRD1/TBX21/GZMM/FCGR3A/CD7"
"5","GO:0042267","natural killer cell mediated cytotoxicity","6/42",5.2504663670783e-05,0.0015357614123704,6,"GZMB/KLRD1/NKG7/HAVCR2/NCR3/FCGR3A"
"5","GO:0002708","positive regulation of lymphocyte mediated immunity","6/42",6.6099875195333e-05,0.00187483282372217,6,"SH2D1B/XCL1/KLRD1/TBX21/NCR3/CD7"
"5","GO:0002706","regulation of lymphocyte mediated immunity","7/42",0.000109129979555562,0.00300428414305901,7,"SH2D1B/XCL1/KLRD1/HAVCR2/TBX21/NCR3/CD7"
"5","GO:0002366","leukocyte activation involved in immune response","9/42",0.000119027608123353,0.00314413091708232,9,"SH2D1B/PTGDR/NKG7/HAVCR2/TBX21/CX3CR1/FCGR3A/CD300A/CCL3"
"5","GO:0061844","antimicrobial humoral immune response mediated by antimicrobial peptide","5/42",0.000120928112195474,0.00314413091708232,5,"GNLY/XCL2/XCL1/CCL4/CCL3"
"5","GO:0002444","myeloid leukocyte mediated immunity","6/42",0.000124476108508961,0.00314890912336183,6,"SPON2/PTGDR/CX3CR1/FCGR3A/CD300A/CCL3"
"5","GO:0002263","cell activation involved in immune response","9/42",0.000132726215159264,0.00315447668629088,9,"SH2D1B/PTGDR/NKG7/HAVCR2/TBX21/CX3CR1/FCGR3A/CD300A/CCL3"
"5","GO:0002460","adaptive immune response based on somatic recombination of immune receptors built from immunoglobulin superfamily domains","9/42",0.000132726215159264,0.00315447668629088,9,"XCL1/PRF1/KLRD1/IL2RB/HAVCR2/TBX21/GZMM/FCGR3A/CD7"
"5","GO:0002699","positive regulation of immune effector process","8/42",0.000134806695995337,0.00315447668629088,8,"SH2D1B/SPON2/XCL1/KLRD1/TBX21/NCR3/CD300A/CD7"
"5","GO:0002697","regulation of immune effector process","10/42",0.00013951366979108,0.00318499499815733,10,"SH2D1B/SPON2/XCL1/KLRD1/HAVCR2/TBX21/NCR3/CX3CR1/CD300A/CD7"
"5","GO:0030101","natural killer cell activation","5/42",0.000157894537189991,0.00351879254309123,5,"KLRD1/NKG7/HAVCR2/NCR3/FCGR3A"
"5","GO:0002705","positive regulation of leukocyte mediated immunity","6/42",0.000182135086617153,0.00387451002440125,6,"SH2D1B/XCL1/KLRD1/TBX21/NCR3/CD7"
"5","GO:0031341","regulation of cell killing","6/42",0.000182135086617153,0.00387451002440125,6,"XCL1/PRF1/KLRD1/HAVCR2/NCR3/CX3CR1"
"5","GO:0001913","T cell mediated cytotoxicity","5/42",0.000257184482847156,0.00534943724322085,5,"XCL1/PRF1/KLRD1/GZMM/FCGR3A"
"5","GO:0002698","negative regulation of immune effector process","6/42",0.000306262146432686,0.0062317688926303,6,"XCL1/KLRD1/HAVCR2/TBX21/CX3CR1/CD300A"
"5","GO:0007186","G protein-coupled receptor signaling pathway","8/42",0.000341636816078376,0.00680366084785873,8,"AKR1C3/XCL2/XCL1/CCL4/PTGDR/S1PR5/CX3CR1/CCL3"
"5","GO:0002682","regulation of immune system process","18/42",0.000360811860999402,0.00703583128948834,18,"GZMB/SH2D1B/SPON2/XCL1/PRF1/KLRD1/CCL4/HAVCR2/CST7/TBX21/CD247/NCR3/CX3CR1/FCGR3A/CD300A/CCL3/CD7/ZAP70"
"5","GO:0072676","lymphocyte migration","5/42",0.000398075792779464,0.00760406004166487,5,"XCL1/CCL4/TBX21/CCL3/ZAP70"
"5","GO:0002347","response to tumor cell","4/42",0.000444485021689566,0.00832075960602867,4,"GZMB/PRF1/NKG7/HAVCR2"
"5","GO:0032101","regulation of response to external stimulus","13/42",0.000512312488197509,0.00940244095986016,13,"SH2D1B/XCL1/KLRD1/CCL4/NKG7/HAVCR2/CST7/HOPX/NCR3/CX3CR1/CD300A/CCL3/AOAH"
"5","GO:0043299","leukocyte degranulation","5/42",0.000710051933598952,0.012732672581581,5,"PTGDR/NKG7/FCGR3A/CD300A/CCL3"
"5","GO:0046649","lymphocyte activation","13/42",0.000720973981649349,0.012732672581581,13,"KLRF1/XCL1/PRF1/KLRD1/NKG7/HAVCR2/TBX21/CD247/NCR3/FCGR3A/CD300A/CD7/ZAP70"
"5","GO:0002823","negative regulation of adaptive immune response based on somatic recombination of immune receptors built from immunoglobulin superfamily domains","4/42",0.000775564209873733,0.0134431129711447,4,"XCL1/KLRD1/HAVCR2/TBX21"
"5","GO:0002715","regulation of natural killer cell mediated immunity","4/42",0.00099355081789095,0.0161648968968473,4,"SH2D1B/KLRD1/HAVCR2/NCR3"
"5","GO:0002820","negative regulation of adaptive immune response","4/42",0.00099355081789095,0.0161648968968473,4,"XCL1/KLRD1/HAVCR2/TBX21"
"5","GO:0001910","regulation of leukocyte mediated cytotoxicity","5/42",0.00100167096155678,0.0161648968968473,5,"XCL1/KLRD1/HAVCR2/NCR3/CX3CR1"
"5","GO:0042116","macrophage activation","5/42",0.00100167096155678,0.0161648968968473,5,"HAVCR2/CST7/CX3CR1/FCGR3A/CCL3"
"5","GO:0032103","positive regulation of response to external stimulus","10/42",0.00102993804725774,0.0163393561395465,10,"SH2D1B/XCL1/KLRD1/CCL4/NKG7/HAVCR2/NCR3/CX3CR1/CD300A/CCL3"
"5","GO:0045087","innate immune response","13/42",0.00110890345094542,0.0172988938347485,13,"GZMB/SH2D1B/SPON2/KLRF1/KLRD1/NKG7/HAVCR2/GZMM/NCR3/CX3CR1/FCGR3A/CD300A/CCL3"
"5","GO:0002274","myeloid leukocyte activation","7/42",0.00130548167109705,0.0200316531827351,7,"PTGDR/HAVCR2/CST7/CX3CR1/FCGR3A/CD300A/CCL3"
"5","GO:0002275","myeloid cell activation involved in immune response","5/42",0.0013744129602409,0.0207492021094433,5,"PTGDR/HAVCR2/CX3CR1/CD300A/CCL3"
"5","GO:0006959","humoral immune response","6/42",0.00157334000915004,0.0233298754512542,6,"GNLY/SPON2/XCL2/XCL1/CCL4/CCL3"
"5","GO:0019722","calcium-mediated signaling","5/42",0.00159520515906012,0.0233298754512542,5,"CCL4/CX3CR1/FCGR3A/CCL3/ZAP70"
"5","GO:0050778","positive regulation of immune response","12/42",0.00167613107158512,0.0241362874308258,12,"GZMB/SH2D1B/XCL1/PRF1/KLRD1/HAVCR2/TBX21/CD247/NCR3/CD300A/CD7/ZAP70"
"5","GO:0031343","positive regulation of cell killing","4/42",0.00190163971620769,0.0269687087025818,4,"XCL1/PRF1/KLRD1/NCR3"
"5","GO:0002369","T cell cytokine production","3/42",0.00217525810057021,0.0295078490164307,3,"XCL1/TBX21/CD7"
"5","GO:0002710","negative regulation of T cell mediated immunity","3/42",0.00217525810057021,0.0295078490164307,3,"XCL1/KLRD1/TBX21"
"5","GO:0002724","regulation of T cell cytokine production","3/42",0.00217525810057021,0.0295078490164307,3,"XCL1/TBX21/CD7"
"5","GO:0002707","negative regulation of lymphocyte mediated immunity","4/42",0.00230133369653838,0.0307721191422846,4,"XCL1/KLRD1/HAVCR2/TBX21"
"5","GO:0071674","mononuclear cell migration","6/42",0.00242549353415397,0.0319755203939171,6,"XCL1/CCL4/TBX21/CX3CR1/CCL3/ZAP70"
"5","GO:0042110","T cell activation","10/42",0.00263743919553526,0.0342867095419584,10,"KLRF1/XCL1/NKG7/HAVCR2/TBX21/CD247/NCR3/CD300A/CD7/ZAP70"
"5","GO:0002690","positive regulation of leukocyte chemotaxis","4/42",0.00275558907735865,0.0348544780595634,4,"XCL1/CCL4/CX3CR1/CCL3"
"5","GO:0002720","positive regulation of cytokine production involved in immune response","4/42",0.00275558907735865,0.0348544780595634,4,"SPON2/XCL1/TBX21/CD7"
"5","GO:0043030","regulation of macrophage activation","3/42",0.00293252673476708,0.0365979336498932,3,"HAVCR2/CST7/CCL3"
"5","GO:0050776","regulation of immune response","13/42",0.00318241727128369,0.0391939811305465,13,"GZMB/SH2D1B/XCL1/PRF1/KLRD1/HAVCR2/TBX21/CD247/NCR3/FCGR3A/CD300A/CD7/ZAP70"
"5","GO:0035821","modulation of process of another organism","4/42",0.00326796297650177,0.0397248486494241,4,"PRF1/CCL4/CX3CR1/CCL3"
"5","GO:0046636","negative regulation of alpha-beta T cell activation","3/42",0.00383368777986127,0.0455196990733984,3,"XCL1/TBX21/CD300A"
"5","GO:0050921","positive regulation of chemotaxis","4/42",0.00384194041324623,0.0455196990733984,4,"XCL1/CCL4/CX3CR1/CCL3"
"7","GO:0006955","immune response","31/44",1.96016127475572e-11,1.81902966297331e-08,31,"FCRL6/CD8A/CCL5/NKG7/CST7/TIGIT/GZMA/CD8B/KLRG1/APOBEC3G/GZMK/CTSW/CCL4/GZMM/SH2D1A/LITAF/LYAR/CD3G/PRF1/CD3D/GZMB/IL32/PDIA3/FYN/PRKCH/CTSC/ZAP70/HCST/SKAP1/HLA-C/LCK"
"7","GO:0002376","immune system process","32/44",3.12297494403736e-09,1.44906037403333e-06,32,"FCRL6/CD8A/CCL5/NKG7/CST7/TIGIT/GZMA/CD8B/KLRG1/APOBEC3G/GZMK/CTSW/CCL4/GZMM/SH2D1A/LITAF/LYAR/CD3G/PRF1/CD3D/GZMB/IL32/PDIA3/FYN/PRKCH/CTSC/CD99/ZAP70/HCST/SKAP1/HLA-C/LCK"
"7","GO:0001906","cell killing","12/44",1.19263184735831e-07,3.68920784782836e-05,12,"GZMH/NKG7/TIGIT/GZMA/GZMK/GZMM/SH2D1A/PRF1/GZMB/CTSC/HCST/HLA-C"
"7","GO:0050852","T cell receptor signaling pathway","9/44",6.30565068969392e-07,0.00014164642306767,9,"CD8A/CD8B/SH2D1A/CD3G/CD3D/FYN/ZAP70/SKAP1/LCK"
"7","GO:0002682","regulation of immune system process","23/44",7.63181158769775e-07,0.00014164642306767,23,"CD8A/CCL5/CST7/TIGIT/CD8B/GZMK/CCL4/SH2D1A/LITAF/LYAR/CD3G/PRF1/CD3D/GZMB/FYN/PRKCH/CTSC/CD99/ZAP70/HCST/SKAP1/HLA-C/LCK"
"7","GO:0031640","killing of cells of another organism","7/44",2.05847028865852e-06,0.000272894346839301,7,"GZMH/NKG7/GZMA/GZMK/GZMM/PRF1/GZMB"
"7","GO:0141061","disruption of cell in another organism","7/44",2.05847028865852e-06,0.000272894346839301,7,"GZMH/NKG7/GZMA/GZMK/GZMM/PRF1/GZMB"
"7","GO:0050851","antigen receptor-mediated signaling pathway","10/44",2.71177246359824e-06,0.000293087544240284,10,"CD8A/CD8B/SH2D1A/CD3G/CD3D/FYN/PRKCH/ZAP70/SKAP1/LCK"
"7","GO:0141060","disruption of anatomical structure in another organism","7/44",2.84244385577862e-06,0.000293087544240284,7,"GZMH/NKG7/GZMA/GZMK/GZMM/PRF1/GZMB"
"7","GO:0001909","leukocyte mediated cytotoxicity","9/44",4.33366953764646e-06,0.000402164533093591,9,"NKG7/TIGIT/GZMM/SH2D1A/PRF1/GZMB/CTSC/HCST/HLA-C"
"7","GO:0050776","regulation of immune response","18/44",7.16812025233795e-06,0.000604728690379056,18,"CD8A/CCL5/TIGIT/CD8B/GZMK/SH2D1A/LYAR/CD3G/PRF1/CD3D/GZMB/FYN/PRKCH/ZAP70/HCST/SKAP1/HLA-C/LCK"
"7","GO:0002684","positive regulation of immune system process","18/44",1.63332270984385e-05,0.00126310289561258,18,"CD8A/CCL5/CD8B/GZMK/CCL4/SH2D1A/CD3G/PRF1/CD3D/GZMB/FYN/PRKCH/CTSC/CD99/ZAP70/SKAP1/HLA-C/LCK"
"7","GO:0002250","adaptive immune response","13/44",2.50714586990069e-05,0.00178971643635988,13,"CD8A/CD8B/GZMM/SH2D1A/CD3G/PRF1/CD3D/PDIA3/FYN/CTSC/ZAP70/SKAP1/HLA-C"
"7","GO:0002449","lymphocyte mediated immunity","10/44",3.12533323994613e-05,0.00207164946190715,10,"CD8A/NKG7/TIGIT/GZMM/SH2D1A/PRF1/GZMB/CTSC/HCST/HLA-C"
"7","GO:0050778","positive regulation of immune response","15/44",4.5969862362006e-05,0.00284400215146277,15,"CD8A/CCL5/CD8B/GZMK/SH2D1A/CD3G/PRF1/CD3D/GZMB/FYN/PRKCH/ZAP70/SKAP1/HLA-C/LCK"
"7","GO:0042267","natural killer cell mediated cytotoxicity","6/44",6.90120402048935e-05,0.00400269833188382,6,"NKG7/TIGIT/SH2D1A/GZMB/HCST/HLA-C"
"7","GO:0002228","natural killer cell mediated immunity","6/44",0.000108020076978939,0.00589662537861504,6,"NKG7/TIGIT/SH2D1A/GZMB/HCST/HLA-C"
"7","GO:0002429","immune response-activating cell surface receptor signaling pathway","10/44",0.000118702251067022,0.00605103747848778,10,"CD8A/CD8B/SH2D1A/CD3G/CD3D/FYN/PRKCH/ZAP70/SKAP1/LCK"
"7","GO:0006952","defense response","20/44",0.000123889775960418,0.00605103747848778,20,"CCL5/NKG7/CST7/TIGIT/GZMA/KLRG1/APOBEC3G/GZMK/CCL4/GZMM/SH2D1A/LYAR/PRF1/GZMB/IL32/FYN/CTSC/PTPRCAP/HCST/HLA-C"
"7","GO:0002252","immune effector process","13/44",0.000148815588677161,0.00690504331462027,13,"CD8A/NKG7/TIGIT/GZMK/GZMM/SH2D1A/LITAF/PRF1/GZMB/FYN/CTSC/HCST/HLA-C"
"7","GO:0001775","cell activation","17/44",0.000163125011009569,0.00720857191508953,17,"CD8A/CCL5/NKG7/CST7/TIGIT/CD8B/TPST2/SH2D1A/PLEK/CD3G/PRF1/CD3D/PDIA3/FYN/CTSC/ZAP70/LCK"
"7","GO:0048584","positive regulation of response to stimulus","21/44",0.000204408924271933,0.00862234007837973,21,"CD8A/CCL5/NKG7/CD8B/GZMK/CCL4/SH2D1A/LITAF/CD3G/PRF1/CD3D/GZMB/PDIA3/FYN/PRKCH/CTSC/ZAP70/HCST/SKAP1/HLA-C/LCK"
"7","GO:0002768","immune response-regulating cell surface receptor signaling pathway","10/44",0.000232520859730503,0.00938171120999595,10,"CD8A/CD8B/SH2D1A/CD3G/CD3D/FYN/PRKCH/ZAP70/SKAP1/LCK"
"7","GO:0048583","regulation of response to stimulus","26/44",0.000285896971326318,0.0110546828912843,26,"CD8A/CCL5/NKG7/CST7/TIGIT/CD8B/APOBEC3G/GZMK/CCL4/SH2D1A/PLEK/LITAF/LYAR/CD3G/PRF1/CD3D/GZMB/PDIA3/FYN/PRKCH/CTSC/ZAP70/HCST/SKAP1/HLA-C/LCK"
"7","GO:0002443","leukocyte mediated immunity","10/44",0.000361364015642779,0.01341383226066,10,"CD8A/NKG7/TIGIT/GZMM/SH2D1A/PRF1/GZMB/CTSC/HCST/HLA-C"
"7","GO:0002253","activation of immune response","11/44",0.000695735828183729,0.0248324172520962,11,"CD8A/CD8B/GZMK/SH2D1A/CD3G/CD3D/FYN/PRKCH/ZAP70/SKAP1/LCK"
"7","GO:0140546","defense response to symbiont","14/44",0.000807098998423686,0.0277402915013771,14,"CCL5/NKG7/TIGIT/KLRG1/APOBEC3G/GZMK/CCL4/GZMM/SH2D1A/LYAR/GZMB/FYN/HCST/HLA-C"
"7","GO:0098542","defense response to other organism","14/44",0.000897702247689959,0.0297524173520101,14,"CCL5/NKG7/TIGIT/KLRG1/APOBEC3G/GZMK/CCL4/GZMM/SH2D1A/LYAR/GZMB/FYN/HCST/HLA-C"
"7","GO:0044419","biological process involved in interspecies interaction between organisms","18/44",0.00140481617548033,0.0449184609472009,18,"GZMH/CCL5/NKG7/TIGIT/GZMA/KLRG1/APOBEC3G/GZMK/CCL4/GZMM/SH2D1A/LITAF/LYAR/PRF1/GZMB/FYN/HCST/HLA-C"
"7","GO:0051707","response to other organism","17/44",0.00148566081866417,0.0449184609472009,17,"CCL5/NKG7/TIGIT/GZMA/KLRG1/APOBEC3G/GZMK/CCL4/GZMM/SH2D1A/LITAF/LYAR/PRF1/GZMB/FYN/HCST/HLA-C"
"7","GO:0002757","immune response-activating signaling pathway","10/44",0.00151680299949376,0.0449184609472009,10,"CD8A/CD8B/SH2D1A/CD3G/CD3D/FYN/PRKCH/ZAP70/SKAP1/LCK"
"7","GO:0043207","response to external biotic stimulus","17/44",0.0015489124464552,0.0449184609472009,17,"CCL5/NKG7/TIGIT/GZMA/KLRG1/APOBEC3G/GZMK/CCL4/GZMM/SH2D1A/LITAF/LYAR/PRF1/GZMB/FYN/HCST/HLA-C"
"8","GO:0019884","antigen processing and presentation of exogenous antigen","13/49",4.49985120863033e-13,1.99023419421119e-10,13,"CD1C/LGMN/HLA-DQB2/HLA-DOA/HLA-DQA2/HLA-DQA1/HLA-DQB1/HLA-DPB1/CD1D/HLA-DPA1/HLA-DRB1/HLA-DRB5/HLA-DRA"
"8","GO:0002399","MHC class II protein complex assembly","10/49",5.14272401604958e-13,1.99023419421119e-10,10,"HLA-DQB2/HLA-DOA/HLA-DQA2/HLA-DQA1/HLA-DQB1/HLA-DPB1/HLA-DPA1/HLA-DRB1/HLA-DRB5/HLA-DRA"
"8","GO:0002503","peptide antigen assembly with MHC class II protein complex","10/49",5.14272401604958e-13,1.99023419421119e-10,10,"HLA-DQB2/HLA-DOA/HLA-DQA2/HLA-DQA1/HLA-DQB1/HLA-DPB1/HLA-DPA1/HLA-DRB1/HLA-DRB5/HLA-DRA"
"8","GO:0019886","antigen processing and presentation of exogenous peptide antigen via MHC class II","11/49",8.08725237134883e-12,2.347325000784e-09,11,"LGMN/HLA-DQB2/HLA-DOA/HLA-DQA2/HLA-DQA1/HLA-DQB1/HLA-DPB1/HLA-DPA1/HLA-DRB1/HLA-DRB5/HLA-DRA"
"8","GO:0002495","antigen processing and presentation of peptide antigen via MHC class II","11/49",1.51339296599946e-11,2.92841538920896e-09,11,"LGMN/HLA-DQB2/HLA-DOA/HLA-DQA2/HLA-DQA1/HLA-DQB1/HLA-DPB1/HLA-DPA1/HLA-DRB1/HLA-DRB5/HLA-DRA"
"8","GO:0002504","antigen processing and presentation of peptide or polysaccharide antigen via MHC class II","11/49",1.51339296599946e-11,2.92841538920896e-09,11,"LGMN/HLA-DQB2/HLA-DOA/HLA-DQA2/HLA-DQA1/HLA-DQB1/HLA-DPB1/HLA-DPA1/HLA-DRB1/HLA-DRB5/HLA-DRA"
"8","GO:0002396","MHC protein complex assembly","10/49",2.03998439883014e-11,2.96052735880224e-09,10,"HLA-DQB2/HLA-DOA/HLA-DQA2/HLA-DQA1/HLA-DQB1/HLA-DPB1/HLA-DPA1/HLA-DRB1/HLA-DRB5/HLA-DRA"
"8","GO:0002501","peptide antigen assembly with MHC protein complex","10/49",2.03998439883014e-11,2.96052735880224e-09,10,"HLA-DQB2/HLA-DOA/HLA-DQA2/HLA-DQA1/HLA-DQB1/HLA-DPB1/HLA-DPA1/HLA-DRB1/HLA-DRB5/HLA-DRA"
"8","GO:0002478","antigen processing and presentation of exogenous peptide antigen","11/49",8.04818188189771e-11,1.0382154627648e-08,11,"LGMN/HLA-DQB2/HLA-DOA/HLA-DQA2/HLA-DQA1/HLA-DQB1/HLA-DPB1/HLA-DPA1/HLA-DRB1/HLA-DRB5/HLA-DRA"
"8","GO:0019882","antigen processing and presentation","13/49",1.44597567153295e-09,1.67877775464975e-07,13,"CD1C/LGMN/HLA-DQB2/HLA-DOA/HLA-DQA2/HLA-DQA1/HLA-DQB1/HLA-DPB1/CD1D/HLA-DPA1/HLA-DRB1/HLA-DRB5/HLA-DRA"
"8","GO:0048002","antigen processing and presentation of peptide antigen","11/49",1.70410423161702e-09,1.79860455718851e-07,11,"LGMN/HLA-DQB2/HLA-DOA/HLA-DQA2/HLA-DQA1/HLA-DQB1/HLA-DPB1/HLA-DPA1/HLA-DRB1/HLA-DRB5/HLA-DRA"
"8","GO:0050870","positive regulation of T cell activation","12/49",4.39919544554209e-07,4.25622159356198e-05,12,"HLA-DQB2/HLA-DOA/HLA-DQA2/HLA-DQA1/HLA-DQB1/HLA-DPB1/CD1D/HLA-DPA1/HLA-DRB1/HLA-DRB5/IL1B/HLA-DRA"
"8","GO:0002250","adaptive immune response","16/49",5.76027034097698e-07,5.14436451221098e-05,16,"FCER1A/CLEC10A/CD1C/HLA-DQB2/HLA-DOA/HLA-DQA2/HLA-DQA1/SEMA4A/HLA-DQB1/HLA-DPB1/CD1D/HLA-DPA1/HLA-DRB1/HLA-DRB5/IL1B/HLA-DRA"
"8","GO:1903039","positive regulation of leukocyte cell-cell adhesion","12/49",8.74718005249183e-07,7.25391145781644e-05,12,"HLA-DQB2/HLA-DOA/HLA-DQA2/HLA-DQA1/HLA-DQB1/HLA-DPB1/CD1D/HLA-DPA1/HLA-DRB1/HLA-DRB5/IL1B/HLA-DRA"
"8","GO:0022409","positive regulation of cell-cell adhesion","12/49",1.93095227830741e-06,0.000149455706340993,12,"HLA-DQB2/HLA-DOA/HLA-DQA2/HLA-DQA1/HLA-DQB1/HLA-DPB1/CD1D/HLA-DPA1/HLA-DRB1/HLA-DRB5/IL1B/HLA-DRA"
"8","GO:0051239","regulation of multicellular organismal process","26/49",3.4000662702325e-06,0.000246717308733746,26,"SERPINF1/LGMN/NDRG2/HLA-DQB2/HLA-DOA/BASP1/HLA-DQA2/SULF2/HLA-DQA1/FABP5/SEMA4A/PLD4/HLA-DQB1/HLA-DPB1/RPS6KA4/ID1/VCL/CD1D/HLA-DPA1/HLA-DRB1/HLA-DRB5/CD33/LMNA/IL1B/CST3/HLA-DRA"
"8","GO:0051251","positive regulation of lymphocyte activation","12/49",5.25725155672978e-06,0.000359039356315487,12,"HLA-DQB2/HLA-DOA/HLA-DQA2/HLA-DQA1/HLA-DQB1/HLA-DPB1/CD1D/HLA-DPA1/HLA-DRB1/HLA-DRB5/IL1B/HLA-DRA"
"8","GO:1903037","regulation of leukocyte cell-cell adhesion","12/49",6.85991077632574e-06,0.00044246424507301,12,"HLA-DQB2/HLA-DOA/HLA-DQA2/HLA-DQA1/HLA-DQB1/HLA-DPB1/CD1D/HLA-DPA1/HLA-DRB1/HLA-DRB5/IL1B/HLA-DRA"
"8","GO:0042110","T cell activation","15/49",8.51012918045561e-06,0.000520013683079419,15,"CD1C/HLA-DQB2/HLA-DOA/HLA-DQA2/HLA-DQA1/GSN/SEMA4A/HLA-DQB1/HLA-DPB1/CD1D/HLA-DPA1/HLA-DRB1/HLA-DRB5/IL1B/HLA-DRA"
"8","GO:0002696","positive regulation of leukocyte activation","12/49",1.00722961196442e-05,0.000584696789745348,12,"HLA-DQB2/HLA-DOA/HLA-DQA2/HLA-DQA1/HLA-DQB1/HLA-DPB1/CD1D/HLA-DPA1/HLA-DRB1/HLA-DRB5/IL1B/HLA-DRA"
"8","GO:0050863","regulation of T cell activation","12/49",1.63770899352873e-05,0.000905419114993739,12,"HLA-DQB2/HLA-DOA/HLA-DQA2/HLA-DQA1/HLA-DQB1/HLA-DPB1/CD1D/HLA-DPA1/HLA-DRB1/HLA-DRB5/IL1B/HLA-DRA"
"8","GO:0050867","positive regulation of cell activation","12/49",1.8412920672222e-05,0.000971700040929536,12,"HLA-DQB2/HLA-DOA/HLA-DQA2/HLA-DQA1/HLA-DQB1/HLA-DPB1/CD1D/HLA-DPA1/HLA-DRB1/HLA-DRB5/IL1B/HLA-DRA"
"8","GO:0045785","positive regulation of cell adhesion","12/49",2.59130808997597e-05,0.00130804725759222,12,"HLA-DQB2/HLA-DOA/HLA-DQA2/HLA-DQA1/HLA-DQB1/HLA-DPB1/CD1D/HLA-DPA1/HLA-DRB1/HLA-DRB5/IL1B/HLA-DRA"
"8","GO:0007159","leukocyte cell-cell adhesion","12/49",2.89479181603514e-05,0.001400355541007,12,"HLA-DQB2/HLA-DOA/HLA-DQA2/HLA-DQA1/HLA-DQB1/HLA-DPB1/CD1D/HLA-DPA1/HLA-DRB1/HLA-DRB5/IL1B/HLA-DRA"
"8","GO:0022407","regulation of cell-cell adhesion","12/49",3.22892050389222e-05,0.00149951068200755,12,"HLA-DQB2/HLA-DOA/HLA-DQA2/HLA-DQA1/HLA-DQB1/HLA-DPB1/CD1D/HLA-DPA1/HLA-DRB1/HLA-DRB5/IL1B/HLA-DRA"
"8","GO:0098609","cell-cell adhesion","14/49",9.67460664217599e-05,0.00432008396598705,14,"HLA-DQB2/HLA-DOA/HLA-DQA2/HLA-DQA1/HLA-DQB1/HLA-DPB1/VCL/CD1D/HLA-DPA1/HLA-DRB1/HLA-DRB5/CD33/IL1B/HLA-DRA"
"8","GO:0002694","regulation of leukocyte activation","13/49",0.00013511503077814,0.00560244824047929,13,"HLA-DQB2/HLA-DOA/HLA-DQA2/HLA-DQA1/HLA-DQB1/HLA-DPB1/CD1D/HLA-DPA1/HLA-DRB1/HLA-DRB5/CD33/IL1B/HLA-DRA"
"8","GO:0030155","regulation of cell adhesion","13/49",0.00013511503077814,0.00560244824047929,13,"HLA-DQB2/HLA-DOA/HLA-DQA2/HLA-DQA1/HLA-DQB1/HLA-DPB1/VCL/CD1D/HLA-DPA1/HLA-DRB1/HLA-DRB5/IL1B/HLA-DRA"
"8","GO:0002711","positive regulation of T cell mediated immunity","5/49",0.000143382925235381,0.00574026124821644,5,"CD1C/CD1D/HLA-DRB1/IL1B/HLA-DRA"
"8","GO:0045321","leukocyte activation","17/49",0.000190766091570006,0.00738264774375923,17,"FCER1A/CD1C/HLA-DQB2/HLA-DOA/HLA-DQA2/HLA-DQA1/GSN/SEMA4A/HLA-DQB1/HLA-DPB1/CD1D/HLA-DPA1/HLA-DRB1/HLA-DRB5/CD33/IL1B/HLA-DRA"
"8","GO:0001775","cell activation","18/49",0.000222320246102921,0.00832625179759648,18,"FCER1A/CD1C/HLA-DQB2/HLA-DOA/HLA-DQA2/HLA-DQA1/GSN/SEMA4A/HLA-DQB1/HLA-DPB1/VCL/CD1D/HLA-DPA1/HLA-DRB1/HLA-DRB5/CD33/IL1B/HLA-DRA"
"8","GO:0051249","regulation of lymphocyte activation","12/49",0.000237249283471465,0.0086077005659491,12,"HLA-DQB2/HLA-DOA/HLA-DQA2/HLA-DQA1/HLA-DQB1/HLA-DPB1/CD1D/HLA-DPA1/HLA-DRB1/HLA-DRB5/IL1B/HLA-DRA"
"8","GO:0050865","regulation of cell activation","13/49",0.000274184497002673,0.00964630912182132,13,"HLA-DQB2/HLA-DOA/HLA-DQA2/HLA-DQA1/HLA-DQB1/HLA-DPB1/CD1D/HLA-DPA1/HLA-DRB1/HLA-DRB5/CD33/IL1B/HLA-DRA"
"8","GO:0046649","lymphocyte activation","15/49",0.000317816325924343,0.0108524927764165,15,"CD1C/HLA-DQB2/HLA-DOA/HLA-DQA2/HLA-DQA1/GSN/SEMA4A/HLA-DQB1/HLA-DPB1/CD1D/HLA-DPA1/HLA-DRB1/HLA-DRB5/IL1B/HLA-DRA"
"8","GO:0019883","antigen processing and presentation of endogenous antigen","4/49",0.000420471653146495,0.0139476454086594,4,"CD1C/CD1D/HLA-DRB1/HLA-DRA"
"8","GO:0051240","positive regulation of multicellular organismal process","17/49",0.000477429852266152,0.0153971127355834,17,"SERPINF1/HLA-DQB2/HLA-DOA/BASP1/HLA-DQA2/SULF2/HLA-DQA1/FABP5/SEMA4A/HLA-DQB1/HLA-DPB1/CD1D/HLA-DPA1/HLA-DRB1/HLA-DRB5/IL1B/HLA-DRA"
"8","GO:0001916","positive regulation of T cell mediated cytotoxicity","4/49",0.000592703471060266,0.0185980737811073,4,"CD1C/CD1D/HLA-DRB1/HLA-DRA"
"8","GO:0048583","regulation of response to stimulus","27/49",0.00101650456038725,0.0310568893318316,27,"FCER1A/ENHO/CD1C/LGMN/NDRG2/HLA-DQB2/HLA-DOA/HLA-DQA2/SULF2/HLA-DQA1/FABP5/CCDC88A/TRIM33/HLA-DQB1/CSF2RA/HLA-DPB1/ID1/MGST2/CD1D/HLA-DPA1/HLA-DRB1/HLA-DRB5/ZNF385A/CD33/LMNA/IL1B/HLA-DRA"
"8","GO:0002709","regulation of T cell mediated immunity","5/49",0.00121811112804431,0.0360370011999259,5,"CD1C/CD1D/HLA-DRB1/IL1B/HLA-DRA"
"8","GO:0048584","positive regulation of response to stimulus","21/49",0.00124158488199572,0.0360370011999259,21,"ENHO/CD1C/LGMN/HLA-DQB2/HLA-DOA/HLA-DQA2/SULF2/HLA-DQA1/FABP5/CCDC88A/HLA-DQB1/CSF2RA/HLA-DPB1/MGST2/CD1D/HLA-DPA1/HLA-DRB1/HLA-DRB5/ZNF385A/IL1B/HLA-DRA"
"8","GO:0002708","positive regulation of lymphocyte mediated immunity","5/49",0.00145822416375845,0.0412926403444771,5,"CD1C/CD1D/HLA-DRB1/IL1B/HLA-DRA"
"8","GO:0002824","positive regulation of adaptive immune response based on somatic recombination of immune receptors built from immunoglobulin superfamily domains","5/49",0.00173162443072447,0.0471922955966087,5,"CD1C/CD1D/HLA-DRB1/IL1B/HLA-DRA"
"8","GO:0050776","regulation of immune response","15/49",0.0017478627998744,0.0471922955966087,15,"FCER1A/CD1C/HLA-DQB2/HLA-DOA/HLA-DQA2/HLA-DQA1/HLA-DQB1/HLA-DPB1/CD1D/HLA-DPA1/HLA-DRB1/HLA-DRB5/CD33/IL1B/HLA-DRA"
"8","GO:0001914","regulation of T cell mediated cytotoxicity","4/49",0.00178964598891408,0.0472222498438466,4,"CD1C/CD1D/HLA-DRB1/HLA-DRA"
"9","GO:0007596","blood coagulation","7/37",2.78387329262971e-05,0.00876905001463936,7,"GP9/PF4/TREML1/TUBB1/MYL9/CD9/F13A1"
"9","GO:0050817","coagulation","7/37",2.78387329262971e-05,0.00876905001463936,7,"GP9/PF4/TREML1/TUBB1/MYL9/CD9/F13A1"
"9","GO:0007599","hemostasis","7/37",3.31414274997539e-05,0.00876905001463936,7,"GP9/PF4/TREML1/TUBB1/MYL9/CD9/F13A1"
"9","GO:0042060","wound healing","9/37",3.61610309882035e-05,0.00876905001463936,9,"GP9/PF4/TREML1/TUBB1/DMTN/MYL9/CD9/F13A1/TPM1"
"9","GO:0030168","platelet activation","6/37",8.71110463567661e-05,0.0168995429932126,6,"GP9/PF4/TREML1/TUBB1/MYL9/CD9"
"9","GO:0050878","regulation of body fluid levels","7/37",0.000129815158033987,0.0209867838821612,7,"GP9/PF4/TREML1/TUBB1/MYL9/CD9/F13A1"
"9","GO:0009653","anatomical structure morphogenesis","15/37",0.000184478436607556,0.0255634405013327,15,"CLDN5/PF4/ITGA2B/ACRBP/TUBB1/CLU/SPARC/DMTN/MYL9/CA2/CD9/TPM1/PGRMC1/TPM4/PARVB"
"9","GO:0009611","response to wounding","9/37",0.000218294463463394,0.0261439859774922,9,"GP9/PF4/TREML1/TUBB1/DMTN/MYL9/CD9/F13A1/TPM1"
"9","GO:0048646","anatomical structure formation involved in morphogenesis","10/37",0.00025547096845491,0.0261439859774922,10,"CLDN5/PF4/ITGA2B/ACRBP/TUBB1/SPARC/MYL9/CD9/TPM1/TPM4"
"9","GO:0007612","learning","4/37",0.00026952562863394,0.0261439859774922,4,"CLDN5/NRGN/PGRMC1/VDAC3"
"9","GO:0065008","regulation of biological quality","18/37",0.000406924481276287,0.0358833406216362,18,"CLDN5/GP9/PF4/TREML1/TUBB1/CLU/SPARC/DMTN/MYL9/CA2/CD9/NRGN/F13A1/PTGS1/TPM1/PGRMC1/SNCA/PARVB"
